4.1672e+08,4.1243e+08,4.1715e+08,4.193e+08,4.2402e+08,4.2531e+08,3.8639e+08,4.3003e+08,2.2655e+08,4.15e+08,4.1586e+08,2.8759e+08,2.2672e+08,4.1629e+08,4.2316e+08,4.1715e+08,4.2746e+08,2.4774e+08,3.5509e+08,3.0079e+08,2.7744e+08,4.3047e+08,2.0303e+08,3.0473e+08,2.3146e+08,4.1973e+08,4.1715e+08,3.7452e+08,1.3332e+08,1.9238e+08
4.1699e+08,4.1617e+08,4.1395e+08,2.303e+08,4.3005e+08,4.133e+08,4.2868e+08,4.2243e+08,4.234e+08,4.2054e+08,1.9563e+08,4.2246e+08,4.2294e+08,3.5635e+08,2.2185e+08,3.4347e+08,4.2828e+08,4.1796e+08,2.0094e+08,1.819e+08,4.1752e+08,2.6793e+08,4.1871e+08,4.192e+08,4.1961e+08,3.0834e+08,4.1046e+08,4.2855e+08,4.2221e+08,4.1793e+08
4.147e+08,4.2139e+08,2.5332e+08,4.2156e+08,2.9628e+08,4.1209e+08,4.1899e+08,4.2303e+08,4.1826e+08,3.4266e+08,2.8921e+08,3.5404e+08,4.2357e+08,2.5287e+08,4.2603e+08,4.2412e+08,4.1614e+08,4.1059e+08,3.8953e+08,3.5933e+08,4.1982e+08,2.646e+08,2.7956e+08,3.2366e+08,2.9486e+08,4.215e+08,4.2618e+08,4.1441e+08,1.4767e+08,4.1731e+08
4.1473e+08,4.252e+08,2.9592e+08,2.2241e+08,3.0948e+08,4.1509e+08,4.1441e+08,3.5898e+08,4.0671e+08,4.1925e+08,3.9658e+08,3.4301e+08,3.9683e+08,1.0329e+08,2.7735e+08,2.1956e+08,4.204e+08,3.2678e+08,3.1943e+08,4.2282e+08,4.2182e+08,3.828e+08,4.0987e+08,4.1803e+08,4.1937e+08,2.2805e+08,4.2457e+08,4.2163e+08,1.8388e+08,4.1892e+08
4.4114e+08,4.2884e+08,1.405e+08,4.2077e+08,2.6056e+08,4.2094e+08,4.138e+08,4.2382e+08,4.1912e+08,4.1951e+08,4.1837e+08,3.4176e+08,4.2421e+08,3.3924e+08,4.2186e+08,4.1675e+08,4.2424e+08,3.2121e+08,3.03e+08,4.4016e+08,4.1952e+08,1.0705e+08,4.2276e+08,2.8229e+08,3.1309e+08,4.1133e+08,4.3402e+08,2.395e+08,1.8079e+08,3.1487e+08
3.4793e+08,4.4996e+08,4.1828e+08,2.6008e+08,1.4264e+08,8.2763e+07,4.1763e+08,3.2508e+08,3.7076e+08,4.2187e+08,3.1734e+08,1.2102e+08,3.809e+08,4.1989e+08,4.2048e+08,3.978e+08,2.3795e+08,4.2537e+08,4.2504e+08,1.7864e+08,3.6026e+08,3.5162e+08,2.1519e+08,4.1301e+08,1.4453e+08,2.5845e+08,4.2079e+08,2.3065e+08,4.1735e+08,2.9904e+08
4.1923e+08,4.2822e+08,3.4586e+08,4.2544e+08,4.2861e+08,4.1578e+08,4.1245e+08,1.522e+08,4.1881e+08,4.1497e+08,2.5661e+08,4.0616e+08,4.1383e+08,4.1784e+08,4.2335e+08,4.2544e+08,3.6988e+08,4.171e+08,1.7937e+08,4.1608e+08,3.4623e+08,4.2462e+08,4.2236e+08,1.6904e+08,4.3063e+08,4.2051e+08,1.7914e+08,1.62e+08,3.1119e+08,4.2706e+08
4.2096e+08,4.4072e+08,4.2186e+08,4.1805e+08,4.259e+08,4.2153e+08,1.2654e+08,2.5663e+08,4.1704e+08,4.2577e+08,4.158e+08,2.4005e+08,4.217e+08,4.145e+08,4.2119e+08,4.1976e+08,4.1739e+08,4.1279e+08,1.4036e+08,4.1943e+08,3.7744e+08,4.3048e+08,4.2766e+08,4.2048e+08,4.1568e+08,1.2768e+08,4.1965e+08,2.5064e+08,4.1785e+08,4.215e+08
4.2352e+08,4.4067e+08,4.2503e+08,2.9761e+08,2.2288e+08,4.4947e+08,4.1258e+08,4.2034e+08,3.5462e+08,4.2076e+08,2.1203e+08,3.2452e+08,1.216e+08,3.6625e+08,1.9049e+08,1.8449e+08,2.8746e+08,1.7035e+08,2.3709e+08,1.5361e+08,4.0839e+08,1.3968e+08,1.2556e+08,2.1384e+08,2.5376e+08,4.0838e+08,4.2804e+08,3.1988e+08,3.2478e+08,1.2623e+08
2.3505e+08,1.7787e+08,3.7618e+08,4.0005e+08,2.3132e+08,1.6887e+08,3.0526e+08,3.7725e+08,1.9943e+08,3.5282e+08,4.2256e+08,1.6682e+08,4.2671e+08,2.8222e+08,2.8741e+08,4.2727e+08,4.253e+08,4.1966e+08,4.1997e+08,2.7883e+08,1.8724e+08,4.1797e+08,1.7197e+08,4.233e+08,1.7153e+08,2.8841e+08,4.2146e+08,4.2003e+08,1.2358e+08,4.2308e+08
4.117e+08,2.3032e+08,2.9933e+08,1.5921e+08,4.212e+08,4.236e+08,4.2084e+08,4.1965e+08,1.2092e+08,4.1874e+08,3.5791e+08,1.7778e+08,4.2151e+08,1.6116e+08,1.2114e+08,4.2382e+08,4.2376e+08,2.0645e+08,1.43e+08,1.5733e+08,4.1299e+08,1.7641e+08,3.3559e+08,1.3832e+08,1.4158e+08,3.9506e+08,4.2119e+08,1.6225e+08,4.1996e+08,2.3597e+08
4.1595e+08,4.2385e+08,1.2045e+08,4.1597e+08,4.2353e+08,2.0481e+08,4.159e+08,4.1734e+08,4.1741e+08,4.2482e+08,3.3076e+08,1.3089e+08,1.7319e+08,2.5286e+08,4.1749e+08,2.9017e+08,4.186e+08,2.4264e+08,1.221e+08,4.1761e+08,3.3718e+08,1.9709e+08,4.2134e+08,3.4795e+08,2.4267e+08,1.6932e+08,2.0125e+08,4.2374e+08,2.2488e+08,4.2935e+08
4.1439e+08,2.5035e+08,2.4786e+08,2.5474e+08,1.0452e+08,3.5781e+08,4.1867e+08,4.1899e+08,4.2041e+08,4.2058e+08,1.4046e+08,2.3546e+08,1.1323e+08,4.2035e+08,3.7597e+08,4.1436e+08,2.3105e+08,2.7562e+08,1.7663e+08,2.8132e+08,3.3361e+08,3.1446e+08,4.219e+08,1.3712e+08,2.4078e+08,1.5054e+08,4.2957e+08,2.4494e+08,2.2943e+08,3.1002e+08
4.1768e+08,4.151e+08,4.212e+08,4.2031e+08,2.2703e+08,4.1413e+08,4.2218e+08,9.0734e+07,4.262e+08,1.8237e+08,1.9512e+08,1.4187e+08,2.9305e+08,1.9056e+08,2.1681e+08,2.461e+08,1.5668e+08,1.3757e+08,1.6785e+08,1.2705e+08,3.7496e+08,2.7673e+08,4.1353e+08,2.8621e+08,3.7123e+08,4.1426e+08,2.0458e+08,1.4614e+08,1.7179e+08,4.1718e+08
1.6577e+08,2.9029e+08,3.1306e+08,4.1984e+08,4.1698e+08,1.7028e+08,2.1994e+08,3.363e+08,4.1628e+08,4.194e+08,1.2224e+08,2.5387e+08,3.8771e+08,5.6142e+07,1.4849e+08,2.6994e+08,1.0256e+08,4.0234e+08,1.3923e+08,4.3067e+08,8.9129e+07,2.4523e+08,2.0649e+08,2.6242e+08,2.2485e+08,4.0703e+08,4.1729e+08,4.172e+08,1.8951e+08,4.2332e+08
4.1762e+08,3.2384e+08,2.0005e+08,1.2444e+08,1.6359e+08,1.8012e+08,4.1823e+08,3.5679e+08,4.128e+08,4.2215e+08,3.123e+08,2.5677e+08,3.2643e+08,2.384e+08,3.1994e+08,4.1842e+08,1.9378e+08,1.4965e+08,3.4547e+08,2.234e+08,1.0617e+08,2.5223e+08,4.1962e+08,2.3982e+08,2.3398e+08,3.7185e+08,4.0091e+08,2.9356e+08,4.0344e+08,8.3197e+07
2.1216e+08,1.7791e+08,2.0413e+08,2.7381e+08,2.5095e+08,2.0859e+08,4.1971e+08,2.7228e+08,4.2387e+08,1.6165e+08,4.2078e+08,1.5901e+08,2.9146e+08,1.5439e+08,1.5083e+08,3.2398e+08,2.6984e+08,3.4331e+08,2.3602e+08,1.4513e+08,4.1635e+08,1.4031e+08,4.1542e+08,2.0629e+08,2.0489e+08,3.5368e+08,4.2254e+08,4.1994e+08,2.8432e+08,4.2202e+08
4.0143e+08,3.4349e+08,2.0998e+08,3.4268e+08,1.5185e+08,4.0858e+08,2.4192e+08,1.7912e+08,2.4386e+08,4.2037e+08,4.1553e+08,2.1833e+08,2.734e+08,2.3486e+08,2.2587e+08,3.9758e+08,1.31e+08,3.9383e+08,4.1813e+08,4.192e+08,4.1235e+08,2.8624e+08,3.5103e+08,1.4075e+08,3.4135e+08,4.1918e+08,4.1479e+08,2.6181e+08,2.4183e+08,1.8276e+08
3.3227e+08,4.1189e+08,1.5948e+08,1.4868e+08,3.5992e+08,4.2297e+08,4.2036e+08,1.3336e+08,4.1873e+08,4.2118e+08,4.1292e+08,1.3528e+08,9.067e+07,8.716e+07,3.8073e+08,4.1651e+08,1.8963e+08,1.3566e+08,1.0058e+08,1.2663e+08,2.1845e+08,1.6441e+08,7.1931e+07,2.252e+08,2.4877e+08,3.7605e+08,4.1428e+08,7.173e+07,3.2026e+08,4.1861e+08
4.2205e+08,2.8417e+08,1.4325e+08,2.3891e+08,1.2154e+08,1.7763e+08,1.1755e+08,2.5907e+08,4.1725e+08,1.6537e+08,1.8108e+08,3.419e+08,4.1584e+08,2.7976e+08,3.2765e+08,2.4413e+08,3.0316e+08,4.2178e+08,2.231e+08,1.0035e+08,4.1731e+08,2.5745e+08,1.7863e+08,2.8899e+08,4.1714e+08,3.0177e+08,7.883e+07,2.3301e+08,1.3587e+08,3.4518e+08
2.0909e+08,4.1716e+08,1.9684e+08,1.5932e+08,1.7678e+08,6.7595e+07,3.6951e+08,3.8039e+08,4.2304e+08,2.8878e+08,2.5471e+08,2.1068e+08,4.12e+08,3.4011e+08,3.2291e+08,2.3536e+08,4.1323e+08,1.5913e+08,1.7232e+08,2.0198e+08,1.3032e+08,2.5105e+08,1.3228e+08,1.8585e+08,4.1855e+08,1.1655e+08,4.1928e+08,1.7194e+08,1.6124e+08,2.5111e+08
2.7635e+08,4.304e+08,4.057e+08,4.1409e+08,8.2554e+07,2.621e+08,1.798e+08,2.2406e+08,3.6895e+08,1.9284e+08,2.3782e+08,1.5348e+08,3.6456e+08,1.4803e+08,1.6043e+08,2.2771e+08,4.1571e+08,4.2314e+08,1.2231e+08,1.936e+08,2.6136e+08,1.0174e+08,1.9901e+08,2.3843e+08,1.8575e+08,3.7879e+08,2.6346e+08,4.0996e+08,1.0723e+08,7.5536e+07
4.1027e+08,2.5403e+08,1.827e+08,4.2073e+08,1.9288e+08,2.0704e+08,2.0813e+08,4.2047e+08,3.2648e+08,2.9717e+08,1.9388e+08,1.2553e+08,3.6154e+08,2.8256e+08,2.339e+08,4.152e+08,4.1726e+08,2.8633e+08,2.9173e+08,2.7003e+08,2.1685e+08,3.0709e+08,2.3855e+08,2.5086e+08,1.3825e+08,1.5609e+08,2.0657e+08,1.2941e+08,1.1978e+08,1.1183e+08
1.3616e+08,2.5645e+08,4.2174e+08,1.9351e+08,2.1348e+08,3.2863e+08,1.6694e+08,4.186e+08,3.3403e+08,4.0999e+08,2.8662e+08,8.3016e+07,1.9132e+08,1.7747e+08,1.4218e+08,1.8026e+08,4.2211e+08,1.0873e+08,1.3348e+08,3.4067e+08,3.6735e+08,1.753e+08,4.1594e+08,4.1527e+08,2.8808e+08,4.13e+08,2.1901e+08,2.7231e+08,1.6593e+08,2.0206e+08
3.2563e+08,4.1789e+08,2.228e+08,2.2368e+08,1.0515e+08,1.5871e+08,2.3618e+08,2.6262e+08,3.5613e+08,2.8183e+08,2.0277e+08,2.5671e+08,2.9815e+08,2.9293e+08,1.1992e+08,3.218e+08,3.0498e+08,2.0783e+08,2.3921e+08,1.0917e+08,2.1024e+08,1.0522e+08,4.1669e+08,3.8222e+08,2.4009e+08,4.1947e+08,2.7575e+08,2.797e+08,1.1377e+08,1.034e+08
1.1836e+08,3.8896e+08,3.2254e+08,4.1776e+08,1.1775e+08,1.3437e+08,3.7628e+08,1.4409e+08,3.5602e+08,1.1824e+08,3.1617e+08,3.9691e+08,3.5377e+08,3.1614e+08,1.3698e+08,1.3267e+08,1.5804e+08,2.3985e+08,2.024e+08,2.9255e+08,2.0833e+08,1.266e+08,9.8789e+07,1.0497e+08,2.2894e+08,1.624e+08,8.8665e+07,1.1028e+08,1.4701e+08,1.6083e+08
2.0936e+08,1.4466e+08,2.4498e+08,1.6003e+08,2.5472e+08,4.1886e+08,3.0426e+08,8.9308e+07,3.7392e+08,2.4791e+08,4.2012e+08,1.4718e+08,2.9551e+08,1.5251e+08,4.1803e+08,2.9598e+08,4.1712e+08,4.0385e+08,2.0113e+08,1.254e+08,6.4399e+07,3.4576e+08,1.0298e+08,7.3653e+07,2.9913e+08,2.5928e+08,4.2137e+08,1.648e+08,1.8269e+08,9.4456e+07
1.0888e+08,2.4118e+08,2.0666e+08,2.5336e+08,2.5509e+08,2.0317e+08,3.963e+08,4.1652e+08,4.1865e+08,3.2582e+08,4.1208e+08,4.2672e+08,3.4263e+08,2.7532e+08,3.6116e+08,3.8585e+08,4.1779e+08,2.9841e+08,4.1707e+08,4.1927e+08,1.2602e+08,1.4913e+08,2.6694e+08,1.3919e+08,2.4776e+08,3.9948e+08,3.3047e+08,2.2526e+08,1.2975e+08,9.9126e+07
1.3987e+08,1.6602e+08,2.2202e+08,8.2476e+07,9.128e+07,2.2062e+08,1.2741e+08,1.6003e+08,4.1369e+08,4.1053e+08,2.1244e+08,1.3826e+08,4.1176e+08,1.6557e+08,2.6336e+08,4.24e+08,2.182e+08,8.7241e+07,2.1013e+08,1.0947e+08,4.1304e+08,9.1741e+07,1.0859e+08,2.5554e+08,1.665e+08,1.9581e+08,3.7573e+08,8.9479e+07,5.3016e+07,3.311e+08
2.3239e+08,3.1185e+08,2.9375e+08,9.6388e+07,2.1832e+08,2.211e+08,3.1395e+08,1.4949e+08,3.9136e+08,4.1586e+08,2.1501e+08,1.1265e+08,3.4576e+08,2.7881e+08,1.6125e+08,2.5692e+08,4.1327e+08,1.7009e+08,1.2096e+08,2.1555e+08,1.7658e+08,1.2198e+08,4.1363e+08,1.6755e+08,4.273e+08,3.6295e+08,4.1489e+08,1.2585e+08,4.018e+07,1.9183e+08
2.7838e+08,2.8781e+08,1.7474e+08,1.9971e+08,2.2259e+08,3.4097e+08,2.5423e+08,2.22e+08,1.2644e+08,3.8507e+08,3.8769e+08,2.0012e+08,4.1261e+08,2.0543e+08,2.7878e+08,4.1393e+08,2.9161e+08,7.6717e+07,1.2924e+08,2.3692e+08,3.0822e+08,1.744e+08,4.1623e+08,2.3986e+08,1.8832e+08,2.1262e+08,3.6558e+08,3.4948e+08,8.5232e+07,1.0509e+08
2.3222e+08,4.1836e+08,1.5227e+08,2.5566e+08,2.6028e+08,1.9437e+08,2.2438e+08,4.2226e+08,2.1903e+08,1.2775e+08,4.1998e+08,2.1762e+08,4.1998e+08,2.9961e+08,8.7007e+07,1.778e+08,3.8858e+08,1.5817e+08,2.6833e+08,4.2478e+08,2.4441e+08,1.3053e+08,4.2236e+08,8.9925e+07,2.1513e+08,2.8834e+08,2.6721e+08,1.4244e+08,6.1576e+07,2.6546e+08
1.4625e+08,1.5666e+08,1.5123e+08,2.8518e+08,3.1045e+08,3.651e+08,2.5782e+08,3.571e+08,4.184e+08,2.383e+08,1.828e+08,1.3859e+08,7.0731e+07,1.8471e+08,1.7744e+08,1.4427e+08,3.8863e+08,2.1797e+08,1.5731e+08,1.3588e+08,4.1474e+08,1.3279e+08,4.1028e+08,2.1458e+08,1.851e+08,2.2775e+08,3.9082e+08,1.8491e+08,1.3465e+08,9.3429e+07
1.5755e+08,4.1465e+08,2.2557e+08,1.5654e+08,1.1965e+08,2.3838e+08,4.1675e+08,1.5737e+08,4.1328e+08,2.2258e+08,1.5107e+08,2.0807e+08,4.1495e+08,2.9173e+08,1.6027e+08,1.1006e+08,4.0364e+08,1.7185e+08,1.5214e+08,3.209e+08,7.375e+07,1.1023e+08,8.6193e+07,1.9743e+08,2.1181e+08,4.0988e+08,1.4042e+08,2.4413e+08,4.3735e+07,2.5392e+08
1.6307e+08,4.2086e+08,3.794e+08,3.545e+08,3.2844e+08,3.3534e+08,6.0442e+07,3.1145e+08,4.0831e+08,1.6815e+08,2.1431e+08,1.58e+08,2.5641e+08,1.5097e+08,1.2725e+08,4.1396e+08,3.6474e+08,3.7834e+08,2.2872e+08,2.7942e+08,3.4082e+08,3.6894e+08,4.1433e+08,1.4426e+08,1.765e+08,4.1075e+08,2.513e+08,1.9152e+08,6.9217e+07,4.2448e+08
1.3945e+08,4.1476e+08,1.7227e+08,1.5077e+08,1.8311e+08,2.9191e+08,2.1341e+08,1.5943e+08,3.8808e+08,2.783e+08,2.9517e+08,2.3891e+08,1.2711e+08,1.4582e+08,3.2935e+08,1.9052e+08,2.0341e+08,2.4446e+08,8.9988e+07,1.8347e+08,1.0153e+08,1.9524e+08,4.1551e+08,2.3172e+08,7.6775e+07,2.6239e+08,4.1909e+08,2.296e+08,1.7538e+08,1.7272e+08
2.8386e+08,2.1435e+08,1.9943e+08,3.9507e+08,2.1636e+08,1.2163e+08,2.7972e+08,1.4441e+08,2.9914e+08,2.6859e+08,2.0285e+08,2.3989e+08,3.85e+07,9.1101e+07,1.7868e+08,1.7624e+08,4.1629e+08,1.9571e+08,1.8786e+08,4.1217e+08,2.7993e+08,6.5733e+07,1.3495e+08,1.3558e+08,3.2418e+08,1.4518e+08,2.6576e+08,2.3441e+08,1.6618e+08,1.3874e+08
1.9426e+08,3.4563e+08,2.5543e+08,2.8181e+08,1.1223e+08,1.3727e+08,1.879e+08,1.0168e+08,1.6558e+08,3.5504e+08,3.6226e+08,9.2532e+07,2.1167e+08,8.9152e+07,9.2157e+07,4.0956e+08,4.1585e+08,3.0359e+08,8.3638e+07,3.6019e+08,4.1281e+08,5.3399e+07,1.6286e+08,1.5626e+08,1.1179e+08,2.8358e+08,3.126e+08,1.8866e+08,1.4388e+08,1.536e+08
3.6485e+08,2.5724e+08,1.4981e+08,2.3178e+08,3.4184e+08,2.1282e+08,2.3626e+08,4.1454e+08,4.0978e+08,1.1473e+08,1.6072e+08,1.1536e+08,4.12e+08,1.609e+08,2.0498e+08,3.6934e+08,4.1169e+08,1.0665e+08,1.1864e+08,2.6695e+08,2.6623e+08,1.2803e+08,1.1501e+08,4.1354e+08,1.1163e+08,4.1159e+08,1.9632e+08,2.0462e+08,1.156e+08,1.5835e+08
1.71e+08,1.6442e+08,3.0534e+08,6.0243e+07,1.358e+08,1.6304e+08,1.7173e+08,5.3723e+07,4.1502e+08,2.5946e+08,8.4483e+07,1.0076e+08,3.0484e+08,3.4901e+08,2.4073e+08,2.7847e+08,3.2354e+08,9.0021e+07,9.6814e+07,2.5902e+08,1.8524e+08,3.1759e+08,1.5712e+08,1.1087e+08,3.4932e+08,4.1016e+08,1.5438e+08,1.7441e+08,1.9043e+08,1.0624e+08
2.0768e+08,1.4346e+08,1.6989e+08,1.6559e+08,1.1486e+08,1.3915e+08,4.1347e+08,1.4299e+08,4.1338e+08,1.5939e+08,1.4909e+08,2.0861e+08,4.1078e+08,2.6971e+08,1.5443e+08,2.0694e+08,4.1876e+08,2.2102e+08,5.8233e+07,1.2813e+08,1.5783e+08,3.3755e+08,8.3095e+07,6.1401e+07,8.6527e+07,3.8134e+08,2.3494e+08,1.0346e+08,1.8559e+08,1.2415e+08
7.1262e+07,2.7582e+08,8.4612e+07,1.7078e+08,1.1031e+08,1.0774e+08,1.6944e+08,1.4645e+08,4.1015e+08,2.0485e+08,2.4387e+08,9.0153e+07,4.0664e+08,1.3204e+08,2.7603e+08,3.9853e+08,3.7958e+08,1.2789e+08,4.7191e+07,4.1837e+08,2.0759e+08,3.0506e+08,4.0972e+08,1.5793e+08,1.221e+08,2.8088e+08,3.6742e+08,1.3593e+08,1.049e+08,3.571e+08
1.0579e+08,1.5274e+08,9.6088e+07,1.699e+08,1.9812e+08,1.5598e+08,9.8027e+07,2.7859e+08,2.922e+08,1.4906e+08,2.6189e+08,1.2677e+08,2.1533e+08,2.5938e+08,4.1636e+08,1.3447e+08,4.1702e+08,1.1108e+08,1.3083e+08,2.4366e+08,2.3556e+08,1.7358e+08,1.6955e+08,1.7421e+08,1.4439e+08,4.0554e+08,4.1337e+08,1.5969e+08,8.7158e+07,1.0753e+08
1.466e+08,4.1705e+08,1.5952e+08,1.2631e+08,1.3445e+08,1.89e+08,2.4504e+08,9.6837e+07,2.488e+08,5.0626e+07,4.1411e+08,2.9055e+08,2.1148e+08,1.9563e+08,1.8588e+08,3.3236e+08,2.0711e+08,1.3566e+08,1.5076e+08,1.1207e+08,6.8865e+07,1.2063e+08,2.7351e+08,3.2575e+08,2.7091e+08,2.0901e+08,1.199e+08,3.4604e+08,7.9225e+07,1.8961e+08
4.0898e+08,2.8448e+08,9.0054e+07,3.5015e+08,1.0995e+08,1.4037e+08,1.2458e+08,4.0451e+07,3.1599e+08,2.729e+08,4.1085e+08,2.8069e+08,9.798e+07,1.3447e+08,1.1774e+08,1.6734e+08,2.2685e+08,8.6565e+07,1.032e+08,1.0971e+08,1.598e+08,2.5659e+08,1.333e+08,9.3379e+07,1.2986e+08,1.9304e+08,2.7698e+08,2.4234e+08,1.0252e+08,3.3055e+08
2.4774e+08,3.668e+08,1.5258e+08,4.1345e+08,3.6263e+08,2.8231e+08,1.4345e+08,8.0102e+07,4.1799e+08,1.3493e+08,2.8303e+08,1.392e+08,1.9534e+08,2.246e+08,1.7179e+08,1.0114e+08,4.0908e+08,9.612e+07,1.0346e+08,2.5361e+08,1.203e+08,3.082e+08,1.1934e+08,1.5543e+08,2.766e+08,3.147e+08,3.0762e+08,1.1302e+08,9.5944e+07,8.5443e+07
2.1962e+08,2.9054e+08,8.0003e+07,1.5937e+08,1.8605e+08,2.2825e+08,2.1103e+08,1.1405e+08,4.0573e+08,4.1368e+08,2.313e+08,1.2806e+08,1.4624e+08,1.6289e+08,1.6643e+08,3.5785e+08,2.6836e+08,9.4296e+07,9.928e+07,2.9345e+08,9.1415e+07,1.6646e+08,4.1358e+08,2.4688e+08,6.8438e+07,4.1675e+08,2.5167e+08,1.0498e+08,9.715e+07,1.6218e+08
1.8038e+08,2.3961e+08,1.1764e+08,7.9008e+07,1.3543e+08,2.43e+08,2.5364e+08,3.0657e+08,1.3903e+08,3.2789e+08,4.1447e+08,1.7305e+08,4.1257e+08,2.2016e+08,2.1615e+08,4.0837e+08,2.5387e+08,1.1813e+08,6.8988e+07,3.4949e+08,8.8089e+07,1.748e+08,1.9635e+08,1.9091e+08,1.6313e+08,1.1146e+08,4.0458e+08,1.1144e+08,1.2896e+08,2.2216e+08
2.3454e+08,4.0893e+08,2.8317e+08,1.823e+08,2.0358e+08,7.2284e+07,1.41e+08,1.3178e+08,4.1214e+08,3.4618e+08,4.1183e+08,1.4619e+08,1.3209e+08,1.7334e+08,2.9784e+08,1.0269e+08,1.6933e+08,3.2131e+08,8.6266e+07,2.7161e+08,1.5938e+08,6.0244e+07,4.1533e+08,2.4242e+08,1.5872e+08,1.8173e+08,3.3259e+08,3.1631e+08,3.6536e+07,8.0136e+07
1.6213e+08,1.9478e+08,5.5746e+07,3.2983e+08,1.1576e+08,1.4581e+08,1.7785e+08,1.8782e+08,1.7821e+08,1.0625e+08,4.1252e+08,9.9299e+07,4.838e+07,1.3877e+08,3.5941e+08,3.2538e+08,9.3981e+07,9.9829e+07,1.4276e+08,6.0692e+07,1.6489e+08,7.5258e+07,6.4082e+07,1.8251e+08,8.3569e+07,1.1625e+08,4.1064e+08,6.4458e+07,1.0202e+08,2.9515e+08
3.8502e+08,2.8331e+08,1.0556e+08,3.3075e+08,7.4514e+07,1.6978e+08,3.6433e+08,4.1152e+08,3.1398e+08,3.4762e+08,1.0574e+08,9.567e+07,4.0612e+08,1.1917e+08,7.3838e+07,2.6845e+08,4.1006e+08,1.3253e+08,1.4385e+08,9.1752e+07,2.4286e+08,8.1169e+07,4.1935e+08,1.7432e+08,1.0727e+08,2.8086e+08,4.1174e+08,2.0365e+08,1.1051e+08,2.4005e+08
2.9988e+08,1.8937e+08,8.7761e+07,2.0903e+08,1.1324e+08,7.0871e+07,2.9395e+08,7.4461e+07,4.0798e+08,1.7473e+08,5.97e+07,1.3859e+08,2.9144e+08,1.9242e+08,1.0497e+08,1.7886e+08,1.3224e+08,1.8001e+08,8.8678e+07,3.0555e+08,4.1649e+08,9.1814e+07,4.1616e+08,1.4086e+08,1.767e+08,3.9264e+08,1.9706e+08,4.4497e+07,1.5241e+08,1.2366e+08
1.48e+08,1.4299e+08,8.3698e+07,2.6503e+08,1.8981e+08,2.3063e+08,6.072e+07,4.1011e+08,4.1894e+08,3.2538e+08,2.5358e+08,1.0025e+08,4.0953e+08,2.2992e+08,6.2109e+07,2.8246e+08,1.003e+08,7.9343e+07,7.3752e+07,7.1745e+07,4.1468e+08,9.3216e+07,3e+08,1.1563e+08,8.6747e+07,8.9882e+07,1.8546e+08,1.0142e+08,1.5613e+08,9.0906e+07
2.1341e+08,2.63e+08,9.1846e+07,4.0941e+08,2.0539e+08,2.5755e+08,2.2869e+08,4.1286e+08,4.1258e+08,1.2937e+08,2.7084e+08,9.9274e+07,4.082e+08,9.8334e+07,3.1933e+08,4.0707e+08,2.6354e+08,1.8299e+08,9.803e+07,9.2503e+07,4.0567e+08,2.1601e+08,4.0661e+08,1.2934e+08,9.8573e+07,1.9725e+08,3.0054e+08,3.8431e+07,8.659e+07,2.0759e+08
1.8405e+08,2.8225e+08,2.3658e+08,6.2625e+07,9.0595e+07,1.306e+08,9.8577e+07,1.8456e+08,4.1561e+08,3.4523e+08,1.1829e+08,1.2848e+08,4.0091e+08,9.4462e+07,1.0513e+08,2.6005e+08,2.631e+08,9.7477e+07,9.1282e+07,7.172e+07,2.4258e+08,5.6521e+07,4.1294e+08,2.5076e+08,2.3231e+08,4.084e+08,4.1116e+08,1.5489e+08,1.0059e+08,1.6773e+08
9.6917e+07,2.6186e+08,1.7515e+08,3.0069e+08,9.1519e+07,3.6024e+08,1.4072e+08,5.9444e+07,4.1349e+08,4.0584e+08,1.1544e+08,2.0186e+08,4.1145e+08,1.63e+08,9.5763e+07,1.1655e+08,2.9168e+08,8.8386e+07,9.6443e+07,4.1306e+08,3.1624e+08,1.12e+08,4.0688e+08,1.2046e+08,1.4272e+08,3.7609e+08,3.6944e+08,1.5798e+08,1.3179e+08,2.8166e+08
2.9073e+08,1.7149e+08,1.5346e+08,8.4279e+07,5.8006e+07,1.8793e+08,1.1422e+08,2.9509e+08,4.1728e+08,2.3986e+08,3.7838e+08,8.7406e+07,4.0746e+08,1.3556e+08,3.3472e+08,3.9827e+08,4.1362e+08,1.7174e+08,9.2238e+07,1.6827e+08,2.5101e+08,8.0663e+07,2.0902e+08,3.5316e+08,2.6062e+08,3.2048e+08,2.705e+08,2.9888e+08,9.8658e+07,1.648e+08
1.4656e+08,1.6332e+08,7.3551e+07,1.0949e+08,1.6397e+08,3.3377e+08,5.7706e+07,3.8796e+08,4.103e+08,2.2287e+08,8.407e+07,8.4818e+07,4.0834e+08,9.4224e+07,2.0694e+08,1.7364e+08,8.9457e+07,2.2625e+08,1.0191e+08,1.1808e+08,7.2941e+07,1.8455e+08,1.1509e+08,1.5477e+08,6.1902e+07,4.1023e+08,3.1807e+08,7.8897e+07,1.1333e+08,4.1483e+08
2.7676e+08,3.6538e+08,3.8663e+08,1.4301e+08,7.954e+07,3.8231e+08,2.432e+08,8.6803e+07,4.0364e+08,1.9175e+08,4.7408e+07,2.1839e+08,2.4843e+08,1.171e+08,2.0709e+08,2.9982e+08,4.1127e+08,1.5772e+08,1.227e+08,3.5607e+08,1.4443e+08,4.7755e+07,4.085e+08,1.3959e+08,9.8471e+07,3.202e+08,3.5178e+08,2.5512e+08,7.534e+07,1.273e+08
1.0404e+08,1.0032e+08,9.8997e+07,7.3925e+07,1.3382e+08,2.5946e+08,6.2914e+07,1.394e+08,2.429e+08,1.8342e+08,1.1396e+08,2.1377e+08,4.8558e+07,1.0113e+08,1.532e+08,6.2321e+07,2.8921e+08,1.0292e+08,6.1422e+07,6.5477e+07,5.4329e+07,1.8368e+08,2.961e+08,1.2006e+08,1.1701e+08,9.9092e+07,7.3699e+07,5.9117e+07,7.9595e+07,5.6624e+07
1.379e+08,3.3161e+08,8.2047e+07,9.303e+07,1.0772e+08,3.5817e+08,9.224e+07,1.8058e+08,4.1325e+08,3.0635e+08,4.079e+08,5.0299e+07,1.0946e+08,1.2673e+08,1.2804e+08,7.7849e+07,4.1271e+08,6.6266e+07,1.6465e+08,4.0003e+08,2.5393e+08,1.083e+08,2.4225e+08,3.9517e+08,1.5713e+08,2.401e+08,1.4733e+08,1.2642e+08,9.6354e+07,2.3348e+08
2.4883e+08,1.4784e+08,1.0371e+08,9.8024e+07,1.4535e+08,1.775e+08,1.3349e+08,1.146e+08,1.7745e+08,1.1929e+08,3.4758e+08,1.1151e+08,4.0602e+08,1.3857e+08,2.7896e+08,3.3294e+08,2.6322e+08,1.7699e+08,1.4619e+08,7.9556e+07,4.1065e+08,2.256e+08,1.3428e+08,1.6852e+08,1.8145e+08,1.7187e+08,1.5965e+08,3.2553e+08,8.1273e+07,9.9583e+07
1.0428e+08,1.0662e+08,6.4017e+07,6.1966e+07,7.7755e+07,1.9367e+08,9.6309e+07,1.5808e+08,4.0874e+08,8.6668e+07,2.0733e+08,7.011e+07,2.6958e+08,1.1662e+08,1.8554e+08,1.017e+08,1.2649e+08,1.4721e+08,7.1833e+07,1.0491e+08,4.1029e+08,8.0139e+07,4.1009e+08,1.4068e+08,7.6427e+07,2.126e+08,1.2975e+08,8.4487e+07,7.0079e+07,2.548e+08
1.3988e+08,3.6416e+08,1.4751e+08,2.5037e+08,1.3695e+08,2.1313e+08,1.1951e+08,2.9662e+08,4.1675e+08,2.6441e+08,4.0593e+08,1.2941e+08,4.1128e+08,1.0138e+08,1.6553e+08,2.6108e+08,2.6344e+08,1.2137e+08,1.816e+08,3.0671e+08,2.8085e+08,1.709e+08,4.086e+08,1.951e+08,6.2237e+07,2.1575e+08,2.7572e+08,1.3236e+08,6.9374e+07,3.3675e+07
2.0585e+08,1.521e+08,9.9036e+07,1.9447e+08,6.7608e+07,7.705e+07,1.5456e+08,2.5991e+08,4.1303e+08,9.1886e+07,4.0458e+08,1.7613e+08,2.232e+08,6.5592e+07,7.6107e+07,4.153e+08,4.1353e+08,1.1575e+08,7.888e+07,6.2008e+07,7.6374e+07,1.1351e+08,1.3496e+08,1.9879e+08,4.6331e+07,3.9891e+08,1.2233e+08,1.1357e+08,7.0745e+07,3.0541e+08
1.8635e+08,3.9385e+08,1.3514e+08,3.5731e+08,6.3531e+07,3.122e+08,1.6204e+08,8.6469e+07,4.0532e+08,1.2041e+08,1.0072e+08,1.4018e+08,4.0599e+08,8.0575e+07,1.979e+08,2.5446e+08,4.0678e+08,6.9118e+07,8.8137e+07,2.4743e+08,4.0718e+08,9.2067e+07,2.344e+08,1.8059e+08,6.484e+07,2.6734e+08,4.0844e+08,9.7724e+07,8.0235e+07,1.604e+08
4.0635e+08,2.8206e+08,6.1382e+07,1.8229e+08,1.7867e+08,1.9067e+08,1.141e+08,1.8296e+08,4.0791e+08,1.9184e+08,1.1453e+08,1.4106e+08,4.0914e+08,8.2298e+07,1.3088e+08,2.3639e+08,2.2024e+08,1.151e+08,1.0331e+08,1.479e+08,2.0092e+08,9.8248e+07,1.6571e+08,1.6059e+08,1.5226e+08,4.1709e+08,2.8144e+08,1.6275e+08,4.5393e+07,4.7155e+07
1.4286e+08,1.8472e+08,1.5143e+08,1.9512e+08,1.5003e+08,8.6238e+07,9.1307e+07,3.6366e+08,3.535e+08,1.643e+08,3.1236e+07,1.2039e+08,5.3336e+07,4.9012e+07,2.1867e+08,2.7649e+08,2.4598e+08,2.4568e+08,6.7201e+07,3.4025e+08,1.3336e+08,2.3451e+08,1.4206e+08,9.3813e+07,2.1727e+08,1.7095e+08,2.0194e+08,9.5837e+07,5.4558e+07,1.1045e+08
1.315e+08,4.0998e+08,4.3462e+07,1.8376e+08,6.2891e+07,1.6694e+08,1.8237e+08,8.8804e+07,4.0354e+08,2.1705e+08,3.0223e+08,1.7974e+08,1.5867e+08,9.6544e+07,1.8852e+08,3.6431e+08,2.3662e+08,1.1015e+08,9.262e+07,2.1897e+08,3.8731e+08,1.4315e+08,4.109e+08,1.7874e+08,1.0921e+08,7.0345e+07,4.1149e+08,1.4189e+08,1.0533e+08,2.5866e+08
1.9898e+08,4.1295e+08,5.8242e+07,2.7976e+08,5.5362e+07,1.8635e+08,6.5553e+07,1.2979e+08,4.0841e+08,2.7036e+08,1.6062e+08,9.7125e+07,4.0605e+08,7.4838e+07,2.0634e+08,1.7194e+08,1.0013e+08,1.523e+08,1.5481e+08,4.1364e+08,2.7945e+08,9.9509e+07,4.0984e+08,1.5453e+08,7.3018e+07,3.6243e+07,2.3795e+08,1.2949e+08,5.0697e+07,1.84e+08
1.1436e+08,4.133e+08,2.1576e+08,2.796e+08,7.6454e+07,1.5479e+08,1.0358e+08,1.1985e+08,4.0905e+08,2.3064e+08,3.7207e+08,3.6092e+07,1.5515e+08,9.3638e+07,5.0526e+07,2.7022e+08,4.1121e+08,1.4963e+08,1.2854e+08,9.5855e+07,1.3923e+08,9.0185e+07,3.3693e+08,1.4878e+08,9.516e+07,2.0595e+08,2.8164e+08,9.0586e+07,1.2557e+08,3.8731e+08
1.2218e+08,4.0667e+08,6.3241e+07,2.1219e+08,1.1469e+08,1.8619e+08,1.3393e+08,2.7911e+08,4.0742e+08,1.7983e+08,4.0585e+08,1.4066e+08,1.3002e+08,7.3704e+07,4.1046e+08,4.027e+08,3.0139e+08,1.2364e+08,1.3306e+08,2.4075e+07,4.0975e+08,1.0677e+08,4.0601e+08,1.4692e+08,1.6249e+08,3.1288e+08,1.2551e+08,2.6745e+08,8.8343e+07,1.8146e+08
4.1257e+08,9.2202e+07,1.301e+08,1.1388e+08,1.0176e+08,1.4199e+08,9.903e+07,8.1784e+07,4.0738e+08,2.9775e+08,7.0362e+07,1.4472e+08,6.4825e+07,9.6248e+07,1.648e+08,3.1747e+08,1.4135e+08,1.0213e+08,5.2756e+07,1.3314e+08,4.0756e+08,7.319e+07,2.8453e+08,2.0931e+08,1.1925e+08,4.072e+08,8.0581e+07,8.842e+07,8.5415e+07,1.0829e+08
2.866e+08,2.2199e+08,1.4271e+08,2.9012e+08,1.2399e+08,1.4919e+08,1.9979e+08,1.307e+08,1.3358e+08,1.2602e+08,9.5258e+07,6.7589e+07,4.0328e+08,9.4273e+07,1.4549e+08,3.852e+08,8.371e+07,7.6097e+07,9.2666e+07,1.8779e+08,1.0335e+08,1.2952e+08,4.071e+08,1.0618e+08,1.4748e+08,9.0871e+07,4.1622e+08,7.7393e+07,5.2814e+07,3.1952e+08
1.7603e+08,4.1615e+08,1.574e+08,1.6733e+08,1.3966e+08,1.7665e+08,1.9962e+08,2.0411e+08,4.0878e+08,2.5954e+08,1.0962e+08,7.8176e+07,4.0332e+08,8.3763e+07,1.0425e+08,1.4982e+08,2.3304e+08,1.0344e+08,7.2176e+07,1.4512e+08,4.2889e+07,1.6425e+08,1.4531e+08,8.585e+07,1.3374e+08,4.0002e+08,3.8253e+08,1.3937e+08,5.4182e+07,4.0655e+08
3.0011e+08,3.1176e+08,1.6879e+08,2.6348e+08,6.2072e+07,1.3077e+08,1.5386e+08,4.092e+08,4.0987e+08,4.102e+08,6.8602e+07,1.0852e+08,4.1128e+08,8.529e+07,4.5395e+07,4.0201e+08,3.9155e+08,1.6579e+08,8.4373e+07,4.0746e+08,3.6162e+08,1.2237e+08,1.3331e+08,1.8382e+08,1.1834e+08,4.1136e+08,4.1018e+08,9.3327e+07,6.8622e+07,1.0823e+08
1.739e+08,4.0863e+08,9.4201e+07,8.234e+07,8.4959e+07,1.3612e+08,1.1487e+08,2.8669e+07,4.1338e+08,4.0199e+08,2.1609e+08,1.2116e+08,4.0265e+08,9.1164e+07,6.0681e+07,1.1996e+08,4.0942e+08,1.0244e+08,6.7254e+07,4.1183e+07,9.1053e+07,1.0791e+08,1.9676e+08,1.9749e+08,2.7149e+08,3.4637e+08,4.0932e+08,1.4772e+08,1.0065e+08,1.3713e+08
1.668e+08,3.1001e+08,8.3982e+07,3.6506e+08,5.5162e+07,1.6574e+08,2.0175e+08,4.0789e+08,4.0593e+08,3.1435e+08,1.8556e+08,5.7815e+07,4.042e+08,1.4282e+08,1.4668e+08,2.1802e+08,2.2503e+08,8.2478e+07,6.1645e+07,1.542e+08,3.8205e+07,1.2483e+08,2.3625e+08,1.7793e+08,9.6346e+07,4.0989e+08,2.9342e+08,1.948e+08,7.4405e+07,5.3916e+07
1.2861e+08,4.1115e+08,1.9154e+08,3.3213e+08,3.5687e+07,1.3374e+08,1.4833e+08,1.28e+08,4.0812e+08,1.7588e+08,4.0403e+08,6.6249e+07,6.926e+07,9.1649e+07,1.3359e+08,1.1956e+08,4.0899e+08,5.0941e+07,4.6761e+07,2.2686e+08,7.693e+07,1.1509e+08,4.0522e+08,1.6994e+08,1.4377e+08,3.1004e+08,4.0637e+08,5.8618e+07,6.1423e+07,9.777e+07
2.8652e+08,4.0808e+08,5.7899e+07,7.5459e+07,7.9529e+07,1.7775e+08,3.9894e+08,6.0489e+07,4.0764e+08,1.038e+08,2.931e+08,1.0051e+08,4.0947e+08,1.673e+08,1.1869e+08,2.4238e+08,2.2804e+08,5.2593e+07,7.5526e+07,3.223e+08,1.3464e+08,1.2596e+08,1.2573e+08,9.0376e+07,2.7944e+08,4.1039e+08,4.0697e+08,1.2805e+08,5.1203e+07,3.1747e+08
8.9725e+07,4.0774e+08,4.1338e+08,1.1477e+08,1.3478e+08,6.0934e+07,2.3185e+08,9.3189e+07,4.0511e+08,1.2434e+08,3.1187e+08,1.6289e+08,4.0937e+08,9.3562e+07,8.2708e+07,2.6849e+08,1.6056e+08,6.2848e+07,2.9046e+07,1.0384e+08,4.0468e+08,1.5768e+08,1.2851e+08,1.9778e+08,9.5078e+07,4.0437e+08,5.4084e+07,4.9395e+07,4.7299e+07,2.8965e+08
1.5459e+08,1.2961e+08,1.399e+08,2.2868e+08,1.2487e+08,2.4561e+08,1.0917e+08,4.0033e+08,4.031e+08,2.9971e+08,4.0652e+08,2.0709e+08,1.0742e+08,1.1712e+08,6.2673e+07,4.0038e+08,4.1572e+08,1.0397e+08,8.135e+07,3.3493e+07,4.5975e+07,9.3093e+07,3.6567e+07,1.2205e+08,4.2104e+07,1.8723e+08,1.8945e+08,1.276e+08,5.5218e+07,1.7849e+08
1.8854e+08,1.5629e+08,9.1795e+07,5.699e+07,9.3956e+07,1.0871e+08,2.186e+08,6.478e+07,4.0205e+08,1.4216e+08,1.7881e+08,1.895e+08,4.0307e+08,8.9986e+07,1.1665e+08,9.4156e+07,4.1154e+08,7.2586e+07,6.0394e+07,6.2515e+07,8.8192e+07,1.5911e+08,6.4083e+07,1.7223e+08,9.2973e+07,3.8397e+08,2.157e+08,1.9113e+08,6.7871e+07,4.1136e+08
1.4105e+08,1.353e+08,7.3543e+07,4.0982e+08,1.6174e+08,1.3571e+08,4.6428e+07,1.1387e+08,4.0183e+08,2.2955e+08,1.9093e+08,1.1572e+08,4.0485e+08,1.4701e+08,1.2094e+08,4.0609e+08,4.0652e+08,9.6437e+07,6.0693e+07,4.0556e+08,9.6015e+07,1.0131e+08,9.5547e+07,7.0575e+07,1.6176e+08,1.7216e+08,2.0258e+08,6.1311e+07,1.0351e+08,6.8213e+07
1.3392e+08,3.09e+08,5.9516e+07,1.9333e+08,3.9088e+07,2.5699e+08,2.6101e+08,7.1149e+07,4.0737e+08,4.0883e+08,3.0033e+08,8.0847e+07,4.0394e+08,1.4462e+08,1.3574e+08,1.0487e+08,3.084e+08,1.6236e+08,5.5542e+07,6.4534e+07,4.0662e+08,1.1614e+08,4.1014e+08,1.3529e+08,1.2546e+08,1.4326e+08,8.5308e+07,1.0172e+08,4.3598e+07,3.4352e+08
5.2108e+07,2.8566e+08,2.837e+08,3.5892e+08,1.502e+08,8.6638e+07,2.0296e+08,8.3768e+07,3.4311e+08,3.6818e+08,4.0749e+08,1.0556e+08,1.9669e+08,6.4868e+07,1.4422e+08,4.069e+08,2.4839e+08,9.3005e+07,8.8499e+07,6.1453e+07,1.0152e+08,9.2845e+07,1.2215e+08,1.0456e+08,2.2924e+08,4.0885e+08,3.8961e+08,1.5775e+08,8.9878e+07,5.9376e+07
1.4978e+08,1.7826e+08,2.016e+08,3.0248e+08,1.1266e+08,1.0744e+08,5.8881e+07,1.0765e+08,4.0667e+08,1.1256e+08,3.9919e+08,8.4896e+07,4.0029e+08,1.4708e+08,6.9233e+07,1.7045e+08,9.9903e+07,2.7203e+07,4.2538e+07,8.3133e+07,1.6446e+08,9.6976e+07,8.153e+07,1.5121e+08,3.328e+08,1.9203e+08,1.1369e+08,8.8034e+07,1.2057e+08,4.1005e+08
2.3998e+08,1.0633e+08,2.0027e+08,4.0862e+08,8.2209e+07,1.6714e+08,3.4788e+08,5.4333e+07,4.0899e+08,1.8884e+08,4.0337e+08,8.4084e+07,4.0577e+08,1.0291e+08,2.5211e+08,4.0334e+08,1.7502e+08,1.368e+08,6.6629e+07,1.8906e+08,1.6382e+08,1.3576e+08,1.2042e+08,1.1112e+08,5.6518e+07,1.8539e+08,9.5245e+07,1.919e+08,8.4194e+07,6.086e+07
5.5103e+07,8.2556e+07,1.1769e+08,4.0635e+08,7.9979e+07,8.6194e+07,2.002e+08,3.0655e+08,2.9424e+08,3.9784e+08,7.6971e+07,6.0363e+07,4.0476e+08,1.2821e+08,2.0168e+08,4.012e+08,2.4157e+08,9.752e+07,9.6969e+07,4.1028e+08,1.1154e+08,1.0556e+08,6.865e+07,1.4946e+08,1.3792e+08,4.0211e+08,4.0412e+08,1.408e+08,1.1433e+08,9.0562e+07
2.3791e+08,3.2974e+08,1.0609e+08,9.0363e+07,3.5442e+07,1.3254e+08,1.7982e+08,3.7234e+08,4.032e+08,1.065e+08,4.0449e+08,9.9054e+07,4.0189e+08,1.007e+08,1.4186e+08,4.0439e+08,2.6243e+08,1.4435e+08,1.0316e+08,1.9076e+08,4.0435e+08,8.0785e+07,8.339e+07,1.2236e+08,2.328e+08,4.0807e+08,2.1691e+08,1.5152e+08,7.258e+07,6.7505e+07
1.3945e+08,1.8292e+08,3.6857e+08,4.1073e+08,4.3198e+07,9.6969e+07,1.1983e+08,4.0629e+08,4.0511e+08,3.5223e+08,9.4615e+07,1.3795e+08,4.0332e+08,7.5756e+07,1.9865e+08,9.4085e+07,5.0352e+07,6.227e+07,3.2467e+07,9.5327e+07,3.287e+07,1.0726e+08,4.057e+08,1.4391e+08,2.1946e+08,3.1209e+08,4.1161e+08,5.2511e+07,8.1182e+07,8.6969e+07
1.9126e+08,4.2586e+08,1.4285e+08,3.6845e+08,9.2623e+07,7.654e+07,9.4003e+07,3.3553e+08,1.8301e+08,2.5497e+08,4.0903e+08,3.2147e+07,3.2792e+07,9.5772e+07,4.1355e+07,2.4242e+08,2.0419e+08,1.1762e+08,6.2567e+07,4.1253e+08,2.1994e+08,2.3104e+08,4.0175e+08,1.7078e+08,5.1934e+07,3.9793e+08,2.6806e+08,1.1295e+08,7.0038e+07,4.1062e+08
3.9289e+08,3.5429e+08,7.943e+07,8.7296e+07,1.0092e+08,1.1409e+08,1.6893e+08,4.5731e+07,3.9957e+08,1.707e+08,4.0554e+08,7.2608e+07,1.0706e+08,1.038e+08,2.0528e+08,4.0658e+08,2.4436e+08,1.1829e+08,7.1879e+07,1.4301e+08,2.9351e+08,1.4267e+08,4.0448e+08,1.5899e+08,2.5445e+08,4.0062e+08,4.1232e+08,1.2762e+08,8.0885e+07,3.8819e+08
3.2844e+08,4.1406e+08,1.1823e+08,1.9079e+08,1.1992e+08,2.629e+08,2.402e+08,1.409e+08,3.9929e+08,7.912e+07,9.6894e+07,4.7085e+07,4.0697e+08,5.3282e+07,1.5028e+08,4.0215e+08,4.0864e+08,1.8576e+08,1.2697e+08,3.5436e+07,5.0487e+07,1.0732e+08,4.0098e+08,8.7578e+07,2.6448e+08,4.0291e+08,7.4047e+07,5.2925e+07,8.3613e+07,4.0769e+08
1.244e+08,3.7621e+08,1.2477e+08,2.4508e+08,9.6133e+07,1.7738e+08,1.6698e+08,6.2161e+07,4.0144e+08,2.1592e+08,5.6631e+07,7.0125e+07,4.0175e+08,1.4355e+08,6.4997e+07,4.1054e+08,4.1184e+08,2.9342e+08,3.9101e+07,5.0435e+07,7.4217e+07,1.6686e+08,4.0395e+08,1.9996e+08,2.9249e+08,2.2881e+08,4.0958e+08,1.5071e+08,1.0083e+08,8.2536e+07
2.0012e+08,9.3162e+07,3.6439e+08,4.0439e+08,9.8809e+07,2.0087e+08,1.4044e+08,8.6103e+07,4.041e+08,8.3024e+07,2.0521e+08,1.5466e+08,1.5438e+08,1.0856e+08,1.5968e+08,1.1275e+08,1.0258e+08,6.0375e+07,7.9426e+07,4.0098e+08,1.4641e+08,1.1618e+08,4.0421e+08,1.8492e+08,1.7582e+08,4.0116e+08,1.289e+08,1.4372e+08,9.4683e+07,4.0361e+08
1.8309e+08,4.2042e+08,2.5262e+08,3.3707e+08,1.387e+08,1.3266e+08,8.2106e+07,1.4179e+08,4.003e+08,1.5341e+08,3.9864e+08,1.0059e+08,1.6945e+08,1.235e+08,2.3048e+08,1.7067e+08,3.118e+08,1.3563e+08,6.5692e+07,8.287e+07,4.0629e+08,1.3444e+08,4.0096e+08,1.0943e+08,3.6543e+08,3.9429e+08,3.8189e+08,2.1692e+08,5.2629e+07,1.1605e+08
4.0543e+08,2.9673e+08,1.7345e+08,3.3112e+08,9.521e+07,2.2923e+08,3.111e+08,3.3674e+07,3.9871e+08,3.0319e+08,1.0361e+08,2.0274e+08,1.424e+08,9.9523e+07,2.8923e+08,4.0366e+08,4.1103e+08,6.2723e+07,4.3394e+07,8.2052e+07,4.0414e+08,1.1574e+08,4.8667e+07,1.6704e+08,1.9238e+08,4.0085e+08,4.1125e+08,1.1537e+08,4.6561e+07,1.5424e+08
1.3226e+08,4.2835e+08,1.7922e+08,3.7406e+08,9.1324e+07,1.5611e+08,1.3565e+08,6.7399e+07,3.9874e+08,1.4278e+08,6.065e+07,4.6859e+07,3.3805e+08,1.0422e+08,1.0801e+08,4.0562e+08,1.1815e+08,1.1108e+08,4.2252e+07,4.1178e+08,9.9054e+07,9.6137e+07,1.5547e+08,1.0796e+08,7.8573e+07,4.0189e+08,2.601e+08,1.3102e+08,4.2492e+07,4.0477e+08
3.7732e+08,1.1241e+08,2.9222e+08,1.6332e+08,6.9654e+07,1.8887e+08,8.3706e+07,6.3427e+07,4.0447e+08,2.4937e+08,9.9395e+07,1.0766e+08,4.5936e+07,1.5156e+08,1.6235e+08,1.5642e+08,1.7165e+08,1.2744e+08,5.179e+07,4.0488e+08,4.0032e+08,1.3356e+08,4.0537e+08,1.3819e+08,2.8861e+08,1.8225e+08,1.4807e+08,5.727e+07,7.6605e+07,4.1058e+08
