10,2
10,2
10,2
10,2
12,2
12,2
12,2
10,2
10,2
12,2
12,2
12,2
12,2
10,2
10,4
10,4
10,4
10,4
10,2
10,2
10,2
10,2
10,2
10,2
10,2
10,4
10,4
10,4
10,4
10,4
10,4
10,2
10,4
10,4
10,2
10,4
8,4
10,4
10,4
10,4
8,4
8,4
8,4
8,4
8,4
10,4
10,2
12,2
10,2
10,2
10,2
10,4
10,2
12,2
12,2
12,2
12,2
14,2
12,2
14,2
12,2
14,2
16,2
16,2
16,2
14,2
12,2
14,2
14,2
12,2
14,2
12,2
12,2
12,2
12,2
10,2
10,4
8,4
6,4
6,4
6,4
6,4
6,4
6,4
6,4
6,4
8,4
8,4
8,4
10,4
8,4
10,4
10,4
10,2
10,2
10,2
12,2
12,2
12,2
10,2
10,4
10,2
10,2
10,4
10,4
10,4
10,2
10,4
8,4
10,4
10,4
10,4
8,4
6,4
6,4
8,4
6,4
6,4
8,4
8,4
10,4
10,4
10,4
8,4
6,4
6,4
6,4
6,4
6,4
6,4
6,4
8,4
6,4
6,4
6,4
8,4
8,4
8,4
10,4
10,4
10,4
10,4
8,4
10,4
10,4
10,2
10,4
10,2
10,2
12,2
12,2
12,2
12,2
14,2
16,2
14,2
16,2
18,2
18,4
18,2
18,4
18,4
18,4
18,4
18,4
18,2
18,2
16,2
14,2
14,2
16,2
16,2
14,2
12,2
12,2
12,2
10,2
10,2
10,4
10,4
10,2
10,4
10,4
10,2
10,4
10,2
10,2
12,2
12,2
14,2
16,2
16,2
18,2
18,2
18,2
16,2
14,2
16,2
16,2
18,2
18,2
18,2
18,4
18,2
18,4
18,4
18,2
18,4
18,2
18,2
16,2
18,2
18,4
18,6
18,6
18,8
18,6
16,6
14,6
14,8
14,8
12,8
12,10
10,10
10,10
8,10
8,12
8,12
8,10
8,10
10,10
12,10
12,12
12,14
12,14
12,14
12,14
12,12
14,12
12,12
14,12
14,12
14,12
14,14
14,12
14,14
14,14
14,12
12,12
12,10
14,10
14,10
14,10
14,10
14,10
14,10
12,10
14,10
12,10
14,10
14,10
12,10
12,12
12,12
12,14
12,14
12,14
12,12
14,12
14,14
14,14
14,14
14,14
14,14
14,14
14,14
14,14
14,14
14,12
14,12
14,14
14,14
14,14
14,14
14,14
14,12
14,14
14,14
14,14
14,14
14,14
14,14
14,14
14,12
14,12
14,12
14,14
14,14
14,14
14,12
14,14
14,12
12,12
12,12
12,12
12,12
12,10
12,8
12,6
10,6
10,6
10,6
8,6
8,6
10,6
12,6
12,4
14,4
14,4
16,4
14,4
14,4
14,4
16,4
16,4
16,4
16,4
16,4
16,4
16,4
14,4
16,4
16,4
16,4
14,4
14,4
14,4
12,4
12,4
12,6
12,6
10,6
10,6
8,6
10,6
10,6
8,6
8,6
8,6
8,8
8,8
6,8
6,10
6,10
6,10
6,8
6,10
6,10
4,10
6,10
4,10
4,10
4,10
6,10
6,10
6,10
4,10
6,10
6,10
6,8
4,8
4,8
6,8
6,6
6,6
6,6
6,6
6,6
6,6
6,8
6,6
6,6
6,8
6,10
6,10
6,10
6,10
6,10
4,10
4,12
2,12
4,12
4,12
2,12
4,12
4,12
4,10
4,12
4,12
2,12
2,14
2,12
2,12
4,12
4,12
4,12
4,12
2,12
2,12
2,12
2,12
2,12
2,12
2,12
2,14
2,16
2,16
2,16
2,16
2,16
2,14
2,12
2,12
2,12
2,14
2,16
2,14
2,14
2,12
4,12
2,12
2,14
2,14
2,14
2,14
2,14
2,12
4,12
4,12
4,12
2,12
4,12
4,12
4,12
4,10
4,10
6,10
6,8
4,8
4,8
6,8
8,8
8,8
6,8
4,8
4,8
4,8
4,8
4,8
4,6
4,8
6,8
6,6
6,8
6,6
6,8
6,10
4,10
6,10
4,10
4,12
4,12
2,12
2,12
4,12
4,12
2,12
2,12
4,12
2,12
2,14
2,12
2,12
2,12
2,14
2,14
2,14
2,12
4,12
4,12
4,12
4,12
4,12
4,10
4,12
4,12
4,12
4,12
4,10
6,10
4,10
6,10
6,8
4,8
6,8
6,10
6,10
6,10
6,8
6,6
6,6
6,8
6,10
4,10
2,10
2,10
2,10
2,10
2,10
4,10
4,10
4,10
4,10
6,10
4,10
6,10
6,10
6,10
6,10
6,10
4,10
4,10
4,12
4,12
4,12
2,12
2,12
2,12
2,12
2,12
2,14
2,14
2,16
4,16
4,16
4,14
6,14
6,14
6,14
4,14
4,16
4,16
4,16
2,16
2,16
2,16
2,16
2,16
2,14
2,16
2,14
2,16
2,16
2,16
4,16
4,16
4,16
4,16
4,14
4,16
4,14
6,14
6,16
6,16
6,14
6,14
6,16
6,14
6,16
6,16
6,16
6,18
6,18
6,18
4,18
4,20
4,22
4,24
4,24
4,24
4,24
4,24
4,24
4,24
4,24
4,24
4,24
4,24
4,24
4,24
4,24
4,24
4,24
4,24
4,22
6,22
8,22
6,22
6,24
6,22
6,24
6,24
6,24
6,24
6,24
6,24
6,24
6,24
6,22
4,22
4,22
4,20
6,20
6,20
6,20
6,20
8,20
8,20
8,18
8,18
8,20
8,18
8,20
8,20
8,20
8,20
8,18
8,20
8,20
8,20
6,20
8,20
8,20
8,18
8,18
8,18
8,20
8,20
8,18
8,16
8,16
8,16
8,18
8,20
8,20
8,20
6,20
4,20
4,20
4,18
2,18
4,18
4,20
4,22
4,24
4,24
4,24
4,24
4,24
4,24
4,24
4,24
4,24
4,24
4,22
4,24
4,24
4,24
4,24
4,24
4,24
4,22
4,22
4,20
4,22
4,24
4,22
4,20
6,20
6,20
6,20
8,20
6,20
6,20
8,20
8,18
8,18
8,20
8,18
8,16
10,16
10,18
10,16
10,18
10,16
8,16
8,16
8,18
8,18
8,18
8,20
8,20
8,20
8,20
8,20
8,20
8,20
8,18
8,20
8,20
6,20
6,20
8,20
8,20
8,18
8,18
8,18
8,20
6,20
6,20
6,20
4,20
6,20
4,20
4,20
4,18
6,18
4,18
4,20
4,22
6,22
6,24
6,24
6,24
6,24
6,24
6,22
6,24
6,22
6,24
6,24
6,24
6,24
6,24
6,24
6,22
6,22
8,22
8,22
6,22
6,22
6,24
6,24
6,24
6,24
6,22
6,24
6,24
6,24
6,24
6,24
6,24
6,24
6,24
6,22
4,22
4,22
4,20
4,22
4,22
4,20
4,22
4,20
4,20
4,22
4,24
4,24
4,24
4,22
4,20
6,20
8,20
8,20
6,20
6,20
8,20
8,20
6,20
6,20
8,20
8,20
8,20
6,20
6,20
6,20
8,20
6,20
6,20
6,20
6,20
8,20
8,20
8,18
8,18
8,20
8,18
8,20
6,20
6,20
4,20
6,20
8,20
8,20
8,20
8,20
8,20
8,20
8,20
8,20
8,20
6,20
6,20
6,20
6,20
6,20
6,20
8,20
6,20
6,20
6,20
8,20
6,20
8,20
8,18
8,18
8,16
8,16
8,16
8,16
8,16
8,18
8,18
8,18
8,18
8,18
8,16
8,16
8,16
10,16
10,18
10,18
12,18
12,18
14,18
12,18
14,18
14,18
14,18
14,18
14,18
14,18
14,18
14,18
14,18
12,18
12,18
12,18
12,18
12,18
12,18
12,18
12,18
12,18
10,18
10,18
10,18
10,18
12,18
12,18
12,18
12,18
14,18
14,18
14,18
12,18
14,18
14,18
14,18
14,18
14,18
14,18
14,18
14,18
14,18
14,18
14,18
14,18
14,18
12,18
12,18
12,18
12,18
12,18
12,18
10,18
12,18
12,18
12,18
12,18
12,18
14,18
12,18
12,18
14,18
12,18
12,18
12,18
10,18
10,16
12,16
14,16
14,16
14,16
14,16
12,16
12,16
12,14
12,16
12,14
12,16
12,14
12,16
12,16
14,16
14,16
12,16
10,16
10,16
10,18
10,18
12,18
12,18
10,18
10,18
10,18
10,16
10,16
8,16
8,18
8,18
8,16
8,16
8,16
8,16
8,18
8,18
8,18
8,16
8,16
8,16
8,18
8,16
8,18
8,18
8,18
8,18
8,20
8,20
8,20
6,20
6,20
8,20
8,18
8,16
10,16
12,16
14,16
16,16
16,14
18,14
16,14
16,12
16,10
16,10
16,12
16,10
16,10
16,12
16,14
16,16
14,16
12,16
10,16
10,18
10,18
10,16
8,16
8,18
8,20
8,20
8,20
6,20
6,20
8,20
8,20
6,20
6,20
6,20
8,20
8,20
8,20
8,20
8,20
8,20
8,20
8,20
8,20
8,20
6,20
8,20
8,20
8,20
6,20
8,20
8,18
8,20
8,18
8,20
6,20
6,20
8,20
8,18
8,16
8,18
8,18
8,20
8,20
8,20
8,20
8,20
6,20
8,20
8,18
8,18
8,18
8,18
8,20
6,20
8,20
8,20
8,18
8,18
8,20
6,20
4,20
6,20
8,20
8,20
8,18
8,20
8,20
8,20
8,20
8,20
8,20
8,18
8,18
8,20
8,18
8,16
8,16
8,18
8,20
6,20
6,20
8,20
6,20
6,20
8,20
8,20
8,18
8,18
8,18
8,18
8,20
8,20
8,20
8,20
8,20
6,20
8,20
6,20
4,20
4,20
6,20
6,20
6,20
8,20
8,18
8,18
8,18
8,18
8,18
8,16
8,18
8,18
8,18
8,18
8,16
8,18
8,20
8,18
8,20
8,18
8,18
8,18
8,18
8,20
8,20
8,20
8,20
8,18
8,16
8,16
8,18
8,20
6,20
8,20
8,20
8,20
8,20
8,18
8,20
8,18
8,18
8,18
8,20
8,20
8,20
6,20
6,20
8,20
6,20
8,20
8,20
8,20
8,20
6,20
4,20
4,22
4,22
6,22
6,24
6,24
6,24
6,24
6,24
6,24
6,24
6,24
6,24
6,22
6,22
4,22
4,20
4,22
4,22
4,20
4,22
6,22
4,22
6,22
4,22
6,22
6,22
6,24
6,22
6,24
6,24
6,24
6,24
6,22
6,24
6,24
6,24
6,22
6,24
6,24
6,24
6,24
6,24
6,22
6,24
6,22
6,22
8,22
8,22
6,22
6,22
8,22
10,22
10,22
10,22
8,22
6,22
4,22
4,22
4,20
4,22
6,22
6,22
6,22
6,22
6,24
6,22
4,22
4,20
4,20
4,20
4,22
4,24
4,24
4,24
4,24
4,24
4,24
4,24
4,24
4,24
4,24
4,24
4,24
4,24
4,22
6,22
6,24
6,24
6,24
6,22
6,24
6,24
6,24
6,24
6,24
6,24
6,24
6,24
6,24
6,22
6,24
6,24
6,24
6,24
6,24
6,24
6,24
6,22
4,22
4,24
4,24
4,24
4,24
4,24
4,24
4,24
4,24
4,24
4,24
4,24
4,22
6,22
4,22
4,22
4,24
4,24
4,24
4,24
4,24
4,24
4,22
4,22
4,24
4,24
4,24
4,22
4,20
6,20
4,20
4,20
6,20
6,20
6,20
4,20
4,20
4,20
4,20
4,20
4,22
6,22
6,24
6,22
4,22
4,24
4,24
4,24
4,24
4,24
4,24
4,22
4,24
4,24
4,24
4,24
4,24
4,22
4,22
4,22
4,20
4,18
6,18
6,18
6,18
6,18
6,16
6,16
6,18
6,16
6,16
6,16
6,16
6,14
6,14
6,14
6,14
6,16
6,14
6,16
6,16
6,14
4,14
4,14
4,14
4,14
4,14
4,14
4,14
6,14
6,16
6,18
6,18
4,18
4,20
4,22
4,22
4,24
4,24
4,24
4,24
4,22
4,24
4,24
4,24
4,24
4,24
4,24
4,24
4,24
4,24
4,22
6,22
8,22
8,22
10,22
8,22
10,22
10,22
8,22
10,22
10,22
10,22
10,22
10,22
10,22
10,22
10,22
10,22
8,22
8,22
8,22
6,22
6,22
6,22
6,22
6,24
6,24
6,24
6,24
6,24
6,24
6,24
6,24
6,24
6,24
6,24
6,24
6,24
6,24
6,22
6,22
4,22
4,24
4,24
4,24
4,24
4,24
4,24
4,24
4,24
4,24
4,24
4,24
4,24
4,24
4,24
4,24
4,24
4,24
4,24
4,24
4,24
4,24
4,22
6,22
6,22
6,22
8,22
8,22
6,22
8,22
8,22
10,22
10,20
10,22
8,22
10,22
10,20
10,20
12,20
12,20
12,20
12,22
12,22
12,22
12,22
12,22
12,22
12,22
12,20
12,22
12,20
12,20
12,20
12,20
12,20
12,22
12,22
12,22
12,20
12,22
12,22
12,22
12,22
12,22
12,20
12,22
12,22
12,22
12,22
12,22
12,20
12,22
12,22
12,22
12,22
12,22
12,22
12,22
12,22
12,22
12,22
12,22
12,20
10,20
10,20
10,20
10,22
10,20
10,20
10,22
10,22
8,22
10,22
8,22
6,22
4,22
4,24
4,24
4,24
4,24
4,24
4,22
4,24
4,24
4,24
4,24
4,24
4,24
4,24
4,24
4,24
4,24
4,24
4,22
4,20
4,20
4,22
4,24
4,24
4,24
4,24
4,24
4,22
4,22
6,22
6,22
6,22
8,22
8,22
10,22
8,22
8,24
8,22
8,22
10,22
10,22
10,22
10,20
12,20
12,22
12,20
12,22
12,20
12,20
12,20
12,20
12,20
12,20
12,22
12,22
12,22
12,20
12,20
12,20
10,20
10,20
10,20
10,20
10,20
10,22
10,20
10,20
12,20
12,20
10,20
10,20
10,22
8,22
8,22
6,22
8,22
8,22
10,22
10,22
10,22
8,22
8,24
10,24
10,24
10,24
8,24
8,26
6,26
8,26
8,26
8,26
6,26
4,26
6,26
4,26
4,26
6,26
6,26
4,26
6,26
8,26
8,26
6,26
6,26
6,26
8,26
8,26
8,26
8,26
6,26
4,26
4,28
4,26
4,28
4,30
4,28
4,26
6,26
8,26
6,26
6,26
4,26
4,26
4,26
2,26
2,26
2,28
2,28
2,28
2,28
2,28
2,28
2,28
2,30
2,32
2,32
2,32
2,32
2,30
2,32
2,34
2,34
4,34
4,34
4,36
4,36
4,36
6,36
6,36
6,36
6,36
4,36
4,36
4,34
6,34
6,34
6,34
4,34
4,36
2,36
2,36
2,36
2,36
4,36
2,36
2,36
4,36
4,34
4,36
4,36
6,36
6,36
4,36
4,36
6,36
6,36
6,36
6,36
4,36
4,36
2,36
2,36
4,36
4,36
4,36
4,36
4,34
4,36
4,36
4,36
6,36
6,36
6,36
6,36
6,36
4,36
2,36
2,36
4,36
4,34
4,36
2,36
4,36
4,36
6,36
6,36
4,36
6,36
6,36
6,36
6,36
6,36
6,36
6,36
6,36
6,36
6,36
4,36
6,36
4,36
2,36
2,36
2,36
2,36
2,36
2,36
2,36
2,36
2,36
2,36
2,36
2,36
2,36
2,36
2,36
2,36
4,36
4,34
4,36
4,36
2,36
2,36
4,36
4,34
4,34
2,34
4,34
2,34
4,34
2,34
4,34
4,36
2,36
2,36
4,36
6,36
6,36
6,36
6,36
6,36
6,36
6,36
6,36
4,36
6,36
6,36
6,36
6,36
6,36
6,36
4,36
2,36
2,36
4,36
2,36
4,36
4,34
2,34
4,34
4,36
4,36
2,36
4,36
2,36
2,36
4,36
2,36
4,36
6,36
6,36
6,36
6,36
6,36
6,36
4,36
4,34
2,34
2,32
2,32
2,34
2,32
2,34
4,34
4,36
6,36
6,36
4,36
6,36
4,36
2,36
2,36
2,36
2,36
2,36
4,36
6,36
6,36
4,36
2,36
2,36
2,36
4,36
6,36
6,36
6,36
4,36
6,36
6,36
6,36
6,36
6,36
4,36
4,34
6,34
4,34
2,34
2,34
4,34
6,34
6,34
4,34
2,34
2,34
2,32
2,32
2,34
2,32
2,32
2,34
2,34
2,34
2,32
2,34
2,34
2,34
2,32
2,30
2,30
2,30
2,28
2,30
2,28
2,28
2,26
2,26
2,26
2,28
2,30
2,28
2,26
4,26
4,28
4,30
4,30
4,30
4,32
4,32
4,32
4,32
4,32
4,32
4,32
4,30
6,30
8,30
8,30
8,30
8,32
8,30
6,30
8,30
8,30
8,30
8,30
8,30
8,30
8,32
8,34
8,34
8,32
8,30
8,32
8,30
8,30
6,30
6,30
8,30
8,32
10,32
8,32
8,30
8,30
8,32
8,30
8,30
8,30
8,30
8,32
8,34
8,36
8,36
8,36
8,36
10,36
10,36
10,36
10,36
8,36
8,34
8,34
8,36
8,36
8,36
10,36
10,36
10,36
8,36
10,36
10,36
10,36
10,36
10,36
10,36
10,36
10,36
10,36
10,36
8,36
10,36
10,36
10,36
10,36
10,36
8,36
8,36
8,36
8,36
8,34
8,34
8,36
8,36
8,36
8,36
10,36
10,36
10,36
10,36
10,36
10,36
10,36
10,36
8,36
8,34
8,36
8,34
8,36
8,36
8,36
10,36
10,36
8,36
8,36
8,36
10,36
8,36
8,34
8,34
8,36
10,36
10,36
10,36
10,36
10,36
10,36
10,36
10,36
8,36
8,34
8,36
8,36
8,36
8,36
8,36
8,36
8,36
10,36
8,36
8,34
8,36
8,36
10,36
10,36
10,36
10,36
10,36
10,36
10,36
10,36
8,36
8,36
10,36
10,36
10,36
10,36
10,36
8,36
8,36
8,36
10,36
10,36
8,36
8,36
8,34
8,34
8,36
10,36
10,36
8,36
8,36
8,34
8,32
8,30
8,32
8,32
8,34
8,34
8,34
8,32
8,32
8,30
8,30
6,30
8,30
8,30
8,30
8,30
8,30
8,32
10,32
10,32
8,32
8,34
8,36
8,34
8,32
8,34
8,34
8,32
8,34
8,34
8,36
8,34
8,36
10,36
10,36
8,36
10,36
10,36
10,36
10,36
8,36
8,34
8,36
8,36
10,36
8,36
8,36
10,36
10,36
10,36
10,36
8,36
8,36
8,36
8,36
8,36
8,36
8,34
8,34
8,36
10,36
10,36
10,36
10,36
8,36
8,36
8,36
8,34
8,34
8,36
10,36
10,36
10,36
10,36
10,36
10,36
10,36
10,36
10,36
8,36
8,34
8,34
8,34
8,34
8,36
8,34
8,36
8,36
8,36
8,36
8,34
8,34
8,32
8,30
6,30
6,30
8,30
8,30
6,30
6,30
6,30
4,30
4,32
4,32
4,30
4,32
4,32
4,30
6,30
8,30
8,30
8,30
8,30
8,30
8,30
8,30
8,32
8,34
8,36
8,36
8,36
8,36
8,36
8,36
8,36
8,36
10,36
10,36
10,36
10,36
10,36
10,36
10,36
10,36
8,36
10,36
8,36
8,36
8,34
8,36
8,34
8,32
8,34
8,34
8,34
8,34
8,34
8,34
8,34
8,36
8,36
8,36
8,36
8,36
10,36
10,36
10,36
10,36
10,36
10,36
8,36
8,36
8,36
8,36
8,36
10,36
10,36
10,36
10,36
10,36
10,36
10,36
10,36
8,36
8,36
8,34
8,36
8,34
8,32
8,32
8,34
8,34
8,36
8,34
8,34
8,32
10,32
10,34
12,34
12,34
12,34
12,34
10,34
10,34
12,34
12,34
12,34
12,34
10,34
10,34
10,34
10,34
12,34
10,34
10,34
10,34
10,34
12,34
10,34
10,34
10,32
8,32
8,32
8,30
8,32
8,32
10,32
10,32
10,34
10,34
10,34
12,34
12,34
10,34
12,34
12,34
12,34
10,34
10,32
10,34
10,34
10,32
10,34
10,32
10,34
10,34
10,34
10,32
10,32
10,32
8,32
8,30
8,30
8,30
6,30
8,30
8,32
10,32
8,32
8,32
8,32
10,32
8,32
8,34
8,36
10,36
10,36
8,36
8,36
8,36
8,36
8,34
8,34
8,32
8,30
8,32
8,32
8,34
8,32
8,32
10,32
10,34
10,34
10,34
10,34
10,34
10,32
8,32
8,30
8,30
6,30
6,30
4,30
4,32
4,30
4,28
4,30
4,28
4,26
4,26
6,26
6,26
4,26
6,26
8,26
8,26
6,26
6,26
6,26
6,26
6,26
6,26
6,26
6,26
8,26
8,26
6,26
4,26
4,28
4,30
4,28
4,30
4,30
4,30
4,32
4,30
6,30
6,30
8,30
8,32
10,32
10,34
10,34
10,32
8,32
8,32
8,30
8,30
8,30
6,30
4,30
6,30
6,30
8,30
8,30
8,30
8,30
8,30
6,30
4,30
4,28
4,28
4,30
4,30
4,32
4,32
4,32
4,32
4,32
4,32
4,30
4,32
4,32
4,32
4,32
4,30
4,32
4,32
4,32
4,30
4,28
4,28
4,30
4,30
4,28
4,28
4,28
4,26
4,28
4,28
4,28
4,30
4,30
4,28
4,30
6,30
8,30
8,32
8,32
8,34
8,34
8,34
8,36
10,36
10,36
10,36
8,36
8,34
8,34
8,36
8,34
8,34
8,34
8,36
8,36
8,36
10,36
10,36
10,36
8,36
10,36
8,36
10,36
10,36
10,36
8,36
8,36
10,36
10,36
10,36
10,36
10,36
8,36
8,36
8,36
8,34
8,34
8,34
8,36
8,36
8,34
8,34
8,34
8,34
8,36
8,34
8,36
8,36
8,36
8,34
8,36
8,34
8,36
8,36
8,36
10,36
10,36
10,36
10,36
10,36
8,36
8,36
10,36
10,36
8,36
10,36
10,36
10,36
8,36
10,36
10,36
10,36
10,36
10,36
10,36
10,36
10,36
8,36
8,34
8,36
8,36
8,36
10,36
10,36
10,36
10,36
10,36
8,36
8,36
8,36
8,36
8,34
8,32
8,34
8,34
8,32
8,30
8,32
8,34
8,34
8,34
8,36
8,36
8,34
8,34
8,36
10,36
10,36
8,36
10,36
10,36
10,36
10,36
10,36
10,36
10,36
10,36
10,36
10,36
8,36
10,36
10,36
10,36
10,36
10,36
8,36
8,36
8,36
8,34
8,34
8,34
8,34
8,34
8,34
8,34
8,34
8,36
8,36
8,36
8,34
8,34
8,34
8,36
8,36
8,36
8,36
8,36
8,34
8,36
10,36
8,36
8,34
8,36
10,36
10,36
10,36
10,36
10,36
10,36
8,36
8,36
8,36
8,36
8,34
8,34
8,34
8,36
8,36
8,36
10,36
10,36
10,36
8,36
10,36
10,36
10,36
10,36
10,36
8,36
10,36
10,36
8,36
8,36
8,36
10,36
10,36
10,36
10,36
10,36
10,36
10,36
8,36
10,36
8,36
8,36
8,34
8,36
10,36
10,36
10,36
10,36
10,36
8,36
8,36
8,36
8,36
8,36
8,36
8,36
8,34
8,34
8,32
8,32
8,34
8,34
8,36
8,36
8,36
8,34
8,34
8,34
8,32
10,32
10,34
10,34
10,32
10,32
10,34
10,34
10,34
12,34
12,34
12,34
12,34
12,34
12,34
12,34
12,34
12,34
12,34
12,34
10,34
10,34
12,34
12,34
12,34
10,34
10,34
10,32
10,34
10,34
12,34
12,34
12,34
12,34
12,34
10,34
10,32
8,32
8,30
8,30
6,30
6,30
8,30
8,30
8,32
8,30
8,30
8,30
8,32
8,32
8,32
8,32
8,34
8,34
8,34
8,34
8,34
8,36
8,36
8,36
8,36
8,34
8,34
8,32
8,34
8,34
8,36
10,36
8,36
8,36
10,36
10,36
10,36
10,36
10,36
10,36
8,36
8,36
8,34
8,32
10,32
10,34
10,32
10,32
10,34
12,34
12,34
12,34
10,34
10,32
10,32
8,32
8,30
8,30
8,30
6,30
4,30
4,30
4,28
4,30
4,32
4,32
4,30
4,30
4,30
4,28
4,26
6,26
8,26
6,26
6,26
6,26
4,26
4,26
6,26
4,26
4,28
4,28
4,26
4,26
6,26
4,26
6,26
8,26
6,26
6,26
6,26
6,26
6,26
8,26
8,26
6,26
8,26
8,24
8,24
8,24
10,24
12,24
12,24
10,24
12,24
10,24
8,24
8,26
8,24
8,22
8,22
10,22
10,22
10,22
10,22
10,22
10,22
10,20
12,20
12,22
12,22
12,22
12,22
12,22
12,22
12,22
12,22
12,20
12,22
12,20
12,20
12,20
12,22
12,22
12,22
12,22
12,22
12,22
12,22
12,22
12,22
12,22
12,22
12,22
12,22
12,22
12,22
12,22
12,20
12,20
10,20
12,20
12,22
12,22
12,22
12,22
12,22
12,22
12,22
12,22
12,20
12,20
12,20
12,22
12,22
12,20
12,20
10,20
10,20
10,22
10,20
10,20
10,20
10,22
10,22
8,22
10,22
8,22
8,24
8,26
8,24
10,24
8,24
8,22
8,22
6,22
4,22
4,24
4,24
4,24
4,24
4,24
4,24
4,24
4,24
4,24
4,24
4,24
4,22
4,22
4,20
4,18
4,20
6,20
4,20
6,20
6,20
6,20
6,20
4,20
4,22
4,22
6,22
6,22
6,22
6,22
6,24
6,24
6,24
6,22
8,22
6,22
8,22
6,22
8,22
10,22
10,20
12,20
12,20
12,20
10,20
12,20
12,20
12,22
12,22
12,22
12,22
12,22
12,20
10,20
10,20
10,20
10,22
10,20
10,22
10,22
10,20
10,22
8,22
6,22
8,22
8,24
8,22
6,22
6,24
6,24
6,22
4,22
4,24
4,22
4,20
4,22
6,22
6,22
6,24
6,24
6,24
6,24
6,24
6,24
6,24
6,24
6,24
6,24
6,22
6,24
6,24
6,24
6,24
6,22
6,24
6,24
6,24
6,24
6,22
8,22
6,22
8,22
10,22
8,22
10,22
10,22
8,22
10,22
10,22
10,22
8,22
6,22
8,22
8,24
8,26
8,24
8,26
8,26
8,26
8,26
8,26
6,26
6,26
6,26
4,26
4,28
4,28
4,26
6,26
6,26
8,26
8,24
8,24
10,24
10,26
10,24
10,26
10,26
10,24
12,24
10,24
10,26
10,26
10,28
10,28
10,30
10,30
10,30
10,30
10,28
10,26
10,26
10,26
10,26
10,24
10,26
10,24
8,24
8,22
8,24
8,26
8,26
8,26
8,24
8,22
8,24
8,24
8,22
8,24
8,26
8,26
8,26
6,26
4,26
4,28
4,28
4,28
4,30
6,30
4,30
6,30
6,30
6,30
8,30
8,30
8,30
8,32
8,34
8,34
8,32
10,32
10,34
10,34
12,34
12,34
12,34
12,34
10,34
10,34
10,34
10,34
12,34
10,34
10,34
10,34
10,34
12,34
12,34
12,34
10,34
10,34
10,34
10,34
12,34
10,34
10,34
10,32
10,32
8,32
8,34
8,34
8,32
8,34
8,32
8,30
6,30
4,30
4,32
4,32
4,32
4,30
4,32
4,32
4,32
4,32
4,30
4,28
4,28
4,30
4,32
4,30
4,32
4,30
4,32
4,30
4,28
4,28
4,30
4,28
4,30
6,30
6,30
8,30
8,30
8,32
8,34
8,34
8,34
8,36
8,36
8,36
8,36
10,36
10,36
10,36
8,36
8,36
8,36
8,34
8,32
10,32
10,34
10,34
12,34
12,34
10,34
12,34
12,34
12,34
12,34
12,34
12,34
12,34
12,34
12,34
12,34
10,34
10,34
10,34
10,34
10,34
12,34
12,34
10,34
12,34
12,34
12,34
12,34
12,34
12,34
12,34
12,34
12,34
12,34
10,34
10,34
10,34
12,34
10,34
12,34
12,34
12,34
12,34
10,34
10,34
10,34
10,34
10,34
12,34
12,34
10,34
10,34
10,34
10,32
10,34
10,34
10,34
12,34
12,34
12,34
12,34
12,34
12,34
12,34
12,34
12,34
12,34
12,34
12,34
12,34
12,34
12,34
12,34
12,34
10,34
10,32
10,34
10,34
10,34
10,34
10,34
10,34
10,32
10,32
10,34
10,32
10,34
10,34
10,32
10,34
10,34
10,32
8,32
8,34
8,34
8,34
8,34
8,34
8,34
8,36
8,36
8,36
8,36
8,36
8,36
10,36
10,36
10,36
10,36
10,36
10,36
10,36
8,36
8,36
8,36
10,36
10,36
8,36
8,36
10,36
10,36
10,36
10,36
8,36
8,34
8,36
8,34
8,32
10,32
10,32
10,32
10,34
10,34
12,34
12,34
10,34
10,34
10,34
10,32
8,32
8,32
8,32
8,34
8,36
8,36
8,36
8,36
10,36
10,36
10,36
10,36
8,36
8,36
8,36
8,36
8,34
8,36
8,34
8,34
8,36
8,36
8,34
8,32
8,34
8,34
8,36
8,36
8,36
8,36
8,34
8,36
8,36
8,36
10,36
10,36
10,36
10,36
10,36
8,36
8,34
8,34
8,32
8,30
8,30
8,30
8,32
8,32
10,32
10,34
10,34
10,34
10,34
10,34
12,34
12,34
12,34
10,34
10,34
10,32
10,32
8,32
8,34
8,36
8,36
8,34
8,32
8,34
8,34
8,34
8,32
8,30
8,32
8,32
10,32
10,34
10,34
10,32
10,32
10,32
8,32
8,32
10,32
10,34
10,34
12,34
12,34
12,34
12,34
10,34
10,32
8,32
8,32
8,32
8,30
8,30
8,30
8,30
8,32
10,32
8,32
8,32
8,30
8,30
8,30
6,30
6,30
6,30
4,30
4,32
4,32
4,30
4,28
4,28
4,28
4,30
4,30
6,30
6,30
8,30
8,30
8,32
8,34
8,34
8,34
8,36
8,34
8,32
8,32
8,30
6,30
6,30
6,30
6,30
6,30
6,30
8,30
6,30
6,30
6,30
4,30
4,32
4,30
4,32
4,32
4,32
4,32
4,30
6,30
6,30
6,30
6,30
6,30
4,30
4,30
6,30
4,30
4,30
4,30
4,28
4,30
4,30
4,30
4,28
4,30
4,30
4,30
4,32
4,32
4,30
4,32
4,32
4,32
4,32
4,32
4,32
4,30
4,28
4,28
4,28
4,28
4,26
2,26
2,26
2,26
4,26
6,26
6,26
6,26
6,26
6,26
4,26
4,26
6,26
6,26
6,26
6,26
6,26
8,26
8,26
8,26
8,26
8,26
6,26
8,26
8,26
6,26
6,26
8,26
8,26
6,26
6,26
6,26
6,26
4,26
4,26
4,28
4,28
4,28
4,28
4,28
4,28
4,26
4,26
4,26
6,26
6,26
6,26
6,26
8,26
8,26
8,26
8,26
8,26
8,24
8,26
8,26
8,24
8,22
8,24
10,24
8,24
8,26
8,24
10,24
8,24
8,26
8,26
8,26
8,26
8,24
10,24
8,24
10,24
12,24
12,24
10,24
10,24
10,26
10,26
10,24
8,24
8,22
10,22
8,22
8,24
8,24
8,26
8,26
8,26
8,26
8,26
8,26
8,26
6,26
4,26
4,28
4,28
4,28
4,30
6,30
6,30
8,30
6,30
8,30
8,30
8,32
10,32
10,32
10,32
10,32
10,32
10,34
10,34
10,34
10,32
8,32
10,32
10,32
10,32
8,32
10,32
10,32
10,32
10,32
10,34
10,32
8,32
8,30
8,30
6,30
6,30
6,30
6,30
8,30
8,32
8,30
8,30
8,30
8,30
6,30
8,30
8,32
8,34
8,32
8,30
8,32
10,32
10,32
10,32
10,32
8,32
10,32
10,34
10,32
10,34
10,34
10,34
10,34
10,34
12,34
10,34
10,34
10,32
10,34
12,34
12,34
12,34
12,34
10,34
10,34
10,34
12,34
12,34
12,34
12,34
12,34
12,34
12,34
12,34
12,34
10,34
12,34
12,34
12,34
10,34
10,34
10,34
10,34
12,34
10,34
12,34
10,34
10,32
10,32
10,34
10,34
10,34
10,34
10,34
12,34
12,34
12,34
12,34
12,34
10,34
10,32
10,32
10,34
10,34
12,34
12,34
10,34
10,32
10,32
10,34
10,34
10,34
10,32
8,32
8,34
8,34
8,34
8,36
8,34
8,34
8,36
8,36
8,36
8,34
8,36
8,34
8,34
8,34
8,36
8,34
8,32
8,34
8,32
10,32
10,32
8,32
8,32
8,30
8,32
8,34
8,34
8,32
8,30
6,30
6,30
8,30
6,30
8,30
8,32
8,32
8,34
8,32
10,32
10,32
10,32
10,34
10,34
10,34
10,32
10,32
10,32
10,32
8,32
10,32
8,32
8,34
8,34
8,34
8,36
8,34
8,34
8,34
8,36
8,36
8,36
10,36
10,36
10,36
8,36
8,34
8,34
8,32
10,32
10,32
10,34
10,34
12,34
12,34
12,34
12,34
10,34
12,34
12,34
12,34
12,34
12,34
12,34
12,34
12,34
12,34
12,34
10,34
10,34
10,32
10,32
10,32
10,34
10,34
10,34
10,34
10,34
12,34
12,34
10,34
12,34
10,34
10,34
10,32
8,32
8,32
8,34
8,34
8,34
8,36
8,36
8,34
8,32
10,32
10,32
10,34
12,34
10,34
10,34
10,34
10,34
12,34
12,34
12,34
10,34
10,34
10,34
10,34
10,32
10,32
10,32
8,32
8,30
8,30
8,30
6,30
4,30
6,30
4,30
4,32
4,32
4,32
4,32
4,30
4,32
4,32
4,30
4,28
4,30
4,32
4,32
4,32
4,32
4,32
4,32
4,30
4,30
4,28
4,28
4,28
4,26
4,26
2,26
2,26
4,26
4,28
4,26
4,28
4,30
4,28
4,28
4,28
4,26
4,28
4,26
4,26
4,26
2,26
4,26
4,28
4,30
4,28
4,30
4,30
4,32
4,30
6,30
6,30
6,30
6,30
6,30
6,30
6,30
4,30
4,30
4,30
4,32
4,32
4,30
4,28
4,30
4,30
4,28
4,28
4,28
4,28
4,26
6,26
6,26
6,26
6,26
6,26
6,26
6,26
6,26
6,26
6,26
4,26
4,28
4,28
4,28
4,30
6,30
8,30
8,30
8,32
8,30
6,30
6,30
6,30
6,30
6,30
6,30
4,30
6,30
6,30
6,30
6,30
4,30
4,30
4,32
4,30
4,30
4,32
4,32
4,30
4,28
4,26
2,26
2,26
4,26
2,26
2,28
2,28
2,28
2,28
2,28
2,30
2,32
2,32
2,32
2,34
4,34
6,34
6,34
6,34
6,34
4,34
4,36
6,36
6,36
6,36
6,36
4,36
4,36
4,34
4,36
6,36
6,36
6,36
4,36
2,36
2,36
4,36
4,36
4,36
4,34
4,34
2,34
2,34
2,34
2,34
2,32
2,32
2,32
2,32
2,32
2,34
4,34
6,34
6,34
6,32
6,32
6,32
6,32
6,34
4,34
4,36
6,36
4,36
4,36
4,36
6,36
6,36
4,36
4,36
4,36
6,36
6,36
6,36
6,36
4,36
2,36
4,36
4,34
4,34
6,34
6,34
6,34
6,32
6,34
6,32
6,34
6,32
6,32
6,32
6,32
6,32
6,34
6,34
6,34
6,34
4,34
4,36
6,36
6,36
6,36
6,36
6,36
6,36
6,36
6,36
6,36
4,36
2,36
2,36
4,36
4,34
6,34
6,32
6,34
6,32
6,32
6,32
6,32
6,32
6,34
6,34
6,34
6,34
6,32
6,32
6,32
6,32
6,32
6,32
6,34
4,34
4,36
6,36
6,36
4,36
2,36
2,36
4,36
4,36
4,36
6,36
6,36
6,36
6,36
6,36
6,36
6,36
6,36
6,36
6,36
6,36
4,36
4,36
4,36
4,36
2,36
4,36
4,36
6,36
6,36
4,36
4,36
6,36
4,36
4,34
2,34
2,32
2,30
2,32
2,34
2,34
2,32
2,30
2,30
2,30
2,32
2,32
2,32
2,34
2,34
2,34
4,34
4,36
4,34
6,34
4,34
4,34
4,36
6,36
6,36
6,36
6,36
6,36
6,36
6,36
6,36
4,36
4,34
4,36
4,36
6,36
4,36
2,36
2,36
2,36
2,36
2,36
2,36
4,36
4,34
6,34
6,34
4,34
4,36
2,36
2,36
2,36
4,36
2,36
2,36
2,36
4,36
4,36
2,36
4,36
4,36
6,36
4,36
2,36
2,36
4,36
6,36
6,36
6,36
6,36
6,36
4,36
2,36
2,36
2,36
2,36
2,36
2,36
4,36
2,36
2,36
4,36
4,34
2,34
2,34
2,34
2,32
2,30
2,30
2,30
2,32
2,32
2,32
2,32
2,34
2,34
2,32
2,34
2,32
2,34
4,34
4,34
4,34
6,34
6,34
6,34
6,34
6,34
4,34
4,36
6,36
4,36
2,36
4,36
6,36
4,36
2,36
4,36
4,34
4,34
6,34
6,32
6,32
6,32
6,32
6,32
6,32
6,32
6,34
6,32
6,34
4,34
4,34
4,34
2,34
2,34
4,34
4,36
4,36
6,36
6,36
4,36
6,36
4,36
4,36
2,36
2,36
2,36
2,36
2,36
4,36
4,36
2,36
2,36
4,36
6,36
6,36
4,36
2,36
2,36
4,36
2,36
4,36
6,36
6,36
6,36
4,36
6,36
4,36
2,36
2,36
2,36
2,36
2,36
2,36
2,36
2,36
4,36
4,34
4,36
4,36
6,36
6,36
4,36
4,34
4,34
2,34
2,32
2,32
2,32
2,32
2,34
4,34
4,34
2,34
2,34
2,32
2,34
4,34
2,34
4,34
2,34
4,34
4,36
2,36
4,36
4,34
4,36
2,36
2,36
4,36
6,36
6,36
6,36
6,36
6,36
6,36
6,36
4,36
2,36
2,36
2,36
2,36
2,36
2,36
4,36
6,36
6,36
6,36
4,36
6,36
6,36
6,36
4,36
4,36
2,36
4,36
6,36
6,36
6,36
6,36
6,36
4,36
6,36
6,36
6,36
6,36
4,36
4,36
4,36
6,36
6,36
6,36
4,36
4,34
4,36
4,34
2,34
2,34
4,34
4,34
4,36
2,36
4,36
6,36
4,36
6,36
6,36
6,36
6,36
6,36
6,36
6,36
4,36
6,36
6,36
6,36
6,36
4,36
6,36
4,36
2,36
2,36
2,36
2,36
2,36
2,36
2,36
2,36
4,36
4,36
6,36
4,36
4,36
4,34
4,34
2,34
2,34
2,34
4,34
2,34
2,34
2,34
4,34
4,34
2,34
2,32
2,32
2,32
2,32
2,34
2,34
2,34
2,34
2,34
2,34
4,34
6,34
6,32
6,32
6,32
6,32
6,32
6,32
6,32
6,34
6,32
6,32
6,32
6,32
6,32
6,34
6,34
6,34
6,34
6,34
6,34
6,34
6,34
6,32
6,32
6,32
6,34
6,34
4,34
2,34
2,32
2,32
2,34
2,34
2,32
2,34
2,32
2,30
2,32
2,32
2,32
2,34
2,32
2,32
2,32
2,32
2,32
2,30
2,28
2,28
2,28
2,28
2,28
2,30
2,30
2,30
2,32
2,32
2,32
2,32
2,30
2,28
2,26
2,26
2,28
2,28
2,30
2,30
2,30
2,32
2,32
2,30
2,30
2,30
2,32
2,34
4,34
6,34
6,32
6,34
6,34
6,34
6,34
6,34
4,34
4,36
2,36
4,36
4,36
4,36
4,36
4,36
6,36
6,36
6,36
6,36
4,36
6,36
6,36
6,36
6,36
6,36
4,36
6,36
6,36
4,36
2,36
2,36
2,36
2,36
4,36
6,36
6,36
6,36
6,36
6,36
4,36
2,36
2,36
2,36
4,36
4,34
4,34
6,34
4,34
6,34
4,34
2,34
2,32
2,34
2,32
2,30
2,28
2,28
2,30
2,30
2,32
2,32
2,32
2,32
2,32
2,32
2,34
4,34
2,34
4,34
4,34
4,34
2,34
2,34
2,34
4,34
4,36
4,34
4,36
4,36
2,36
4,36
4,36
6,36
6,36
4,36
4,34
4,34
4,36
4,34
2,34
4,34
4,36
4,34
2,34
2,34
2,34
4,34
2,34
2,34
2,34
2,34
4,34
2,34
4,34
4,34
4,34
4,34
6,34
6,34
6,34
4,34
4,34
6,34
6,34
6,32
6,32
6,34
4,34
2,34
2,34
2,32
2,32
2,34
2,34
2,34
2,34
2,34
4,34
4,36
4,34
6,34
6,34
6,32
6,34
4,34
2,34
2,34
2,34
4,34
4,36
4,36
4,36
2,36
2,36
2,36
2,36
4,36
4,34
4,36
4,34
4,36
4,34
4,36
4,36
6,36
6,36
6,36
6,36
6,36
6,36
6,36
6,36
6,36
6,36
4,36
4,34
2,34
2,34
2,34
4,34
6,34
4,34
4,36
4,34
4,36
4,34
6,34
6,34
6,34
4,34
6,34
6,34
6,34
6,34
6,34
6,32
6,32
6,32
6,34
6,34
6,34
6,32
6,34
6,32
6,32
6,34
6,34
4,34
6,34
4,34
2,34
2,32
2,30
2,30
2,30
2,30
2,30
2,30
2,32
2,32
2,34
4,34
4,34
4,36
4,36
2,36
2,36
2,36
2,36
2,36
2,36
2,36
4,36
2,36
4,36
4,36
4,34
6,34
6,34
6,34
4,34
4,34
2,34
2,34
2,32
2,30
2,28
2,28
2,28
2,28
2,26
4,26
4,28
4,30
4,32
4,30
4,30
4,32
4,32
4,30
4,28
4,28
4,28
4,28
4,28
4,28
4,30
4,32
4,32
4,30
4,30
6,30
6,30
6,30
6,30
8,30
8,30
8,30
6,30
6,30
8,30
6,30
4,30
4,32
4,32
4,32
4,32
4,32
4,32
4,32
4,32
4,32
4,32
4,30
6,30
6,30
6,30
4,30
4,32
4,32
4,32
4,32
4,32
4,32
4,32
4,32
4,32
4,32
4,30
4,30
4,32
4,32
4,32
4,32
4,30
4,28
4,28
4,28
4,28
4,26
4,28
4,28
4,28
4,28
4,28
4,28
4,26
2,26
2,28
2,30
2,30
2,28
2,28
2,26
2,26
2,26
2,26
2,26
2,28
2,30
2,30
2,28
2,26
2,26
2,26
2,28
2,30
2,30
2,28
2,30
2,32
2,32
2,32
2,32
2,32
2,34
4,34
4,36
2,36
2,36
2,36
2,36
4,36
2,36
4,36
4,36
4,36
6,36
6,36
6,36
6,36
6,36
4,36
6,36
6,36
6,36
6,36
4,36
6,36
6,36
6,36
6,36
6,36
6,36
4,36
6,36
6,36
4,36
4,36
4,34
2,34
4,34
6,34
4,34
2,34
2,32
2,30
2,30
2,28
2,30
2,30
2,30
2,28
2,26
2,26
4,26
2,26
4,26
4,28
4,26
4,28
4,28
4,28
4,30
4,30
4,30
6,30
6,30
8,30
8,30
8,30
8,30
8,30
8,30
8,32
8,30
8,30
6,30
4,30
4,30
4,28
4,28
4,28
4,28
4,28
4,26
2,26
4,26
6,26
6,26
4,26
4,28
4,28
4,26
2,26
2,28
2,28
2,28
2,30
2,32
2,32
2,32
2,32
2,34
2,34
2,34
2,34
2,34
4,34
2,34
2,34
2,34
2,34
2,34
4,34
4,36
2,36
2,36
2,36
2,36
2,36
4,36
2,36
2,36
2,36
4,36
4,34
4,34
6,34
6,32
6,34
6,34
6,32
6,32
6,32
6,34
6,32
6,32
6,32
6,32
6,32
6,34
6,34
6,34
6,32
6,32
6,34
6,34
6,32
6,32
6,32
6,32
6,32
6,32
6,32
6,32
6,34
6,34
6,34
6,34
4,34
2,34
4,34
2,34
2,34
4,34
6,34
4,34
6,34
6,34
6,32
6,34
6,32
6,32
6,32
6,34
6,34
4,34
2,34
2,34
2,34
4,34
4,36
6,36
6,36
4,36
2,36
4,36
4,36
6,36
6,36
4,36
4,34
4,36
2,36
2,36
2,36
2,36
4,36
2,36
4,36
4,36
4,36
4,36
4,34
4,34
2,34
2,32
2,32
2,30
2,32
2,32
2,32
2,34
2,34
2,34
2,34
2,34
4,34
4,36
2,36
2,36
2,36
2,36
2,36
2,36
2,36
4,36
4,36
4,36
4,34
4,36
2,36
2,36
2,36
2,36
2,36
2,36
4,36
6,36
6,36
6,36
4,36
2,36
2,36
2,36
2,36
2,36
4,36
4,36
4,34
6,34
6,34
6,34
6,34
6,34
6,34
6,34
4,34
4,34
6,34
6,34
4,34
2,34
2,32
2,34
2,34
4,34
4,34
2,34
2,34
2,34
4,34
4,36
6,36
4,36
2,36
2,36
2,36
2,36
4,36
6,36
6,36
4,36
4,36
6,36
6,36
6,36
4,36
4,34
4,36
4,34
4,34
4,36
6,36
6,36
6,36
4,36
6,36
6,36
6,36
6,36
4,36
4,34
4,36
6,36
6,36
6,36
4,36
2,36
2,36
2,36
2,36
2,36
4,36
2,36
2,36
2,36
2,36
2,36
2,36
2,36
2,36
2,36
2,36
2,36
4,36
6,36
6,36
6,36
6,36
6,36
6,36
6,36
6,36
6,36
6,36
6,36
4,36
4,36
2,36
2,36
2,36
2,36
4,36
6,36
6,36
6,36
4,36
2,36
4,36
4,36
4,34
4,36
6,36
4,36
2,36
2,36
2,36
4,36
6,36
6,36
6,36
4,36
4,36
6,36
6,36
6,36
6,36
6,36
6,36
6,36
6,36
6,36
4,36
2,36
4,36
6,36
6,36
4,36
6,36
6,36
6,36
6,36
6,36
4,36
4,34
4,36
4,36
4,34
2,34
4,34
6,34
6,34
6,34
6,32
6,32
6,34
6,34
6,34
4,34
4,36
6,36
6,36
6,36
6,36
6,36
4,36
6,36
4,36
6,36
6,36
6,36
6,36
6,36
6,36
6,36
6,36
6,36
6,36
4,36
6,36
6,36
6,36
6,36
4,36
6,36
6,36
4,36
4,36
4,36
4,34
6,34
6,34
6,34
6,32
6,32
6,34
6,32
6,32
6,34
4,34
4,36
6,36
4,36
4,36
4,34
4,36
4,36
4,34
4,34
2,34
2,34
4,34
4,34
4,34
4,36
4,36
4,36
4,36
2,36
4,36
6,36
6,36
6,36
4,36
4,34
4,36
4,36
6,36
4,36
4,36
4,34
4,34
4,34
6,34
6,34
6,34
6,32
6,32
6,32
6,32
6,32
6,32
6,32
6,32
6,32
6,34
6,34
4,34
4,36
6,36
6,36
6,36
4,36
6,36
4,36
6,36
6,36
4,36
4,36
4,36
4,34
6,34
6,34
6,34
6,34
6,34
4,34
6,34
6,34
6,34
6,32
6,32
6,34
6,34
4,34
4,36
4,34
4,36
2,36
2,36
2,36
4,36
4,34
4,34
4,34
2,34
2,34
2,34
4,34
2,34
2,32
2,30
2,30
2,30
2,32
2,32
2,32
2,34
4,34
6,34
6,34
6,34
6,34
4,34
2,34
4,34
4,34
4,36
4,36
2,36
2,36
2,36
4,36
2,36
4,36
2,36
2,36
2,36
2,36
2,36
2,36
2,36
2,36
2,36
4,36
4,36
4,34
4,36
2,36
2,36
2,36
2,36
2,36
2,36
2,36
4,36
4,36
6,36
4,36
2,36
4,36
4,36
4,36
4,36
4,34
6,34
4,34
4,36
4,36
2,36
4,36
4,34
4,36
4,36
4,34
6,34
4,34
2,34
2,34
4,34
6,34
6,32
6,32
6,34
4,34
4,36
4,36
2,36
2,36
2,36
4,36
4,36
6,36
4,36
4,36
2,36
2,36
2,36
2,36
4,36
2,36
2,36
2,36
4,36
4,36
4,34
6,34
6,34
6,34
6,32
6,32
6,32
6,32
6,32
6,34
6,34
6,34
6,34
6,34
6,34
6,34
6,32
6,34
4,34
4,36
2,36
2,36
4,36
2,36
2,36
2,36
2,36
2,36
2,36
4,36
2,36
4,36
4,36
2,36
2,36
2,36
2,36
4,36
6,36
4,36
4,36
4,36
6,36
6,36
6,36
6,36
4,36
2,36
2,36
4,36
4,36
2,36
4,36
6,36
4,36
2,36
2,36
2,36
2,36
2,36
4,36
4,36
4,36
4,34
4,34
6,34
6,34
6,34
6,34
6,34
4,34
4,34
4,34
4,34
2,34
2,34
2,34
2,34
4,34
2,34
2,34
2,34
4,34
6,34
4,34
4,34
6,34
6,34
4,34
6,34
6,34
6,32
6,32
6,34
6,32
6,32
6,34
4,34
4,34
2,34
2,34
2,34
2,34
2,34
2,34
2,34
2,34
4,34
4,36
4,36
6,36
6,36
6,36
6,36
4,36
4,34
4,34
2,34
2,32
2,32
2,34
2,32
2,34
2,34
2,34
2,34
2,34
4,34
2,34
2,32
2,32
2,30
2,30
2,30
2,30
2,32
2,34
2,32
2,32
2,32
2,32
2,32
2,30
2,30
2,32
2,34
2,34
2,34
4,34
4,34
4,34
4,34
4,36
4,36
4,36
6,36
4,36
4,36
2,36
2,36
4,36
2,36
2,36
2,36
2,36
2,36
2,36
2,36
2,36
2,36
2,36
2,36
2,36
2,36
2,36
4,36
4,36
2,36
2,36
2,36
2,36
2,36
2,36
2,36
4,36
2,36
2,36
2,36
2,36
2,36
4,36
2,36
2,36
4,36
4,36
4,36
4,36
2,36
4,36
4,36
4,36
2,36
2,36
4,36
4,36
4,36
6,36
6,36
6,36
6,36
6,36
6,36
6,36
6,36
6,36
4,36
2,36
4,36
6,36
6,36
4,36
6,36
6,36
6,36
6,36
6,36
6,36
4,36
6,36
6,36
6,36
6,36
6,36
6,36
4,36
4,36
4,36
2,36
2,36
2,36
2,36
4,36
4,36
2,36
2,36
2,36
4,36
6,36
4,36
4,36
4,34
6,34
4,34
4,34
4,36
6,36
6,36
4,36
4,36
4,36
4,36
4,36
6,36
6,36
6,36
6,36
6,36
6,36
6,36
6,36
6,36
6,36
6,36
4,36
4,36
4,34
4,34
4,34
6,34
6,34
4,34
4,36
2,36
2,36
4,36
4,36
6,36
6,36
6,36
4,36
4,34
4,36
2,36
4,36
4,36
6,36
4,36
4,36
4,36
4,36
6,36
6,36
6,36
6,36
6,36
6,36
4,36
2,36
2,36
2,36
2,36
4,36
2,36
2,36
2,36
2,36
2,36
2,36
2,36
2,36
2,36
2,36
4,36
4,36
4,36
6,36
6,36
4,36
4,36
2,36
2,36
2,36
2,36
4,36
6,36
6,36
6,36
6,36
6,36
6,36
6,36
6,36
6,36
6,36
6,36
4,36
2,36
4,36
6,36
6,36
4,36
4,36
4,34
6,34
6,34
6,32
6,32
6,32
6,32
6,34
4,34
2,34
2,34
2,32
2,32
2,30
2,30
2,30
2,30
2,30
2,28
2,28
2,28
2,30
2,30
2,30
2,30
2,32
2,34
2,32
2,30
2,28
2,28
2,30
2,32
2,32
2,32
2,32
2,32
2,32
2,32
2,34
2,34
4,34
2,34
2,34
2,32
2,32
2,32
2,34
2,32
2,32
2,30
2,32
2,32
2,32
2,32
2,34
2,32
2,32
2,32
2,30
2,30
2,30
2,30
2,32
2,32
2,32
2,32
2,32
2,34
2,34
4,34
6,34
4,34
4,36
6,36
6,36
6,36
6,36
6,36
6,36
6,36
6,36
6,36
6,36
6,36
6,36
6,36
6,36
6,36
6,36
6,36
6,36
6,36
6,36
4,36
2,36
2,36
2,36
4,36
2,36
2,36
4,36
6,36
6,36
6,36
4,36
4,36
4,36
4,36
4,36
6,36
4,36
2,36
2,36
2,36
2,36
2,36
2,36
4,36
2,36
2,36
2,36
2,36
2,36
2,36
2,36
2,36
4,36
4,34
4,36
6,36
6,36
6,36
6,36
4,36
4,34
4,36
6,36
6,36
6,36
4,36
2,36
2,36
2,36
2,36
2,36
2,36
4,36
2,36
2,36
2,36
2,36
2,36
2,36
2,36
2,36
2,36
2,36
2,36
2,36
2,36
2,36
2,36
2,36
2,36
2,36
2,36
2,36
4,36
6,36
4,36
2,36
2,36
2,36
4,36
4,34
2,34
2,34
2,34
2,34
2,32
2,34
2,34
2,32
2,32
2,34
2,34
2,34
4,34
2,34
4,34
6,34
4,34
2,34
2,32
2,34
2,34
2,32
2,32
2,32
2,34
2,34
2,34
4,34
4,34
2,34
2,34
4,34
4,36
2,36
2,36
4,36
4,34
2,34
2,34
2,34
4,34
4,34
2,34
4,34
4,36
2,36
2,36
4,36
2,36
2,36
2,36
2,36
2,36
4,36
6,36
4,36
4,34
2,34
2,32
2,32
2,32
2,34
4,34
4,36
2,36
2,36
2,36
4,36
4,34
4,34
2,34
4,34
2,34
4,34
4,36
4,34
2,34
4,34
4,36
4,34
6,34
6,32
6,34
4,34
4,34
4,36
4,36
2,36
2,36
4,36
4,36
4,34
6,34
6,32
6,34
6,34
6,34
4,34
4,34
6,34
4,34
2,34
4,34
4,36
4,36
4,36
2,36
2,36
2,36
4,36
4,36
4,36
4,36
4,34
6,34
6,34
6,34
6,32
6,32
6,34
6,34
6,34
6,34
6,34
6,34
6,34
6,34
6,34
6,32
6,32
6,32
6,32
6,34
6,34
6,34
6,34
6,34
4,34
6,34
4,34
4,36
4,34
2,34
2,34
2,34
2,34
2,34
4,34
6,34
6,34
6,34
4,34
4,36
4,36
2,36
2,36
2,36
2,36
4,36
6,36
6,36
6,36
6,36
6,36
6,36
6,36
6,36
6,36
6,36
6,36
6,36
4,36
4,36
6,36
6,36
4,36
4,34
4,34
6,34
6,34
6,34
6,34
6,34
4,34
6,34
6,34
6,34
6,34
6,34
6,32
6,32
6,32
6,32
6,34
6,34
6,34
4,34
2,34
4,34
4,36
4,36
4,34
4,36
4,36
2,36
2,36
2,36
2,36
2,36
2,36
2,36
2,36
2,36
2,36
4,36
4,34
4,36
2,36
2,36
2,36
2,36
2,36
2,36
2,36
2,36
2,36
2,36
2,36
4,36
6,36
6,36
4,36
4,34
2,34
2,32
2,34
4,34
4,34
2,34
2,34
4,34
4,34
4,36
2,36
4,36
2,36
2,36
2,36
2,36
4,36
6,36
6,36
6,36
6,36
6,36
4,36
2,36
2,36
4,36
2,36
4,36
2,36
2,36
2,36
2,36
2,36
2,36
2,36
2,36
4,36
6,36
6,36
6,36
6,36
6,36
4,36
6,36
6,36
6,36
6,36
6,36
6,36
4,36
4,36
2,36
2,36
2,36
2,36
4,36
6,36
4,36
6,36
6,36
6,36
4,36
2,36
2,36
4,36
2,36
4,36
4,36
6,36
6,36
6,36
4,36
4,36
2,36
2,36
2,36
2,36
2,36
2,36
2,36
2,36
2,36
4,36
4,34
2,34
4,34
4,34
6,34
6,34
4,34
6,34
6,34
6,34
6,32
6,32
6,32
6,32
6,32
6,34
4,34
4,36
6,36
4,36
4,36
6,36
4,36
6,36
4,36
4,34
2,34
2,34
2,34
4,34
6,34
4,34
4,36
4,36
2,36
2,36
4,36
4,36
4,34
4,36
2,36
4,36
4,34
4,36
6,36
4,36
2,36
2,36
2,36
2,36
4,36
2,36
2,36
2,36
2,36
2,36
4,36
4,34
4,34
6,34
6,34
6,32
6,32
6,32
6,34
6,34
6,34
4,34
4,36
4,34
6,34
6,34
6,32
6,34
4,34
6,34
6,34
6,34
6,34
4,34
4,36
2,36
2,36
2,36
2,36
2,36
2,36
4,36
6,36
4,36
2,36
4,36
2,36
2,36
4,36
4,36
4,34
2,34
2,32
2,30
2,32
2,30
2,28
2,28
2,26
2,28
2,28
2,28
2,30
2,30
2,30
2,30
2,30
2,32
2,32
2,32
2,32
2,30
2,28
2,26
4,26
4,28
4,28
4,30
6,30
6,30
6,30
4,30
4,28
4,28
4,28
4,30
4,32
4,30
6,30
6,30
4,30
4,32
4,32
4,32
4,32
4,32
4,32
4,30
4,28
4,30
4,32
4,32
4,32
4,32
4,32
4,32
4,32
4,32
4,32
4,30
4,32
4,32
4,32
4,30
4,32
4,32
4,30
4,32
4,32
4,32
4,32
4,32
4,32
4,32
4,32
4,32
4,32
4,30
4,30
4,32
4,32
4,32
4,32
4,30
6,30
8,30
6,30
6,30
4,30
4,30
4,32
4,32
4,32
4,32
4,30
6,30
8,30
8,30
6,30
8,30
6,30
6,30
6,30
4,30
6,30
4,30
4,30
6,30
8,30
6,30
6,30
6,30
6,30
8,30
8,32
10,32
10,32
10,32
10,34
10,34
10,34
10,32
10,34
10,32
10,32
8,32
8,32
8,32
8,30
8,32
10,32
10,32
10,32
10,32
10,32
8,32
10,32
8,32
8,34
8,36
8,34
8,34
8,34
8,34
8,34
8,36
8,34
8,36
10,36
10,36
10,36
8,36
10,36
10,36
10,36
10,36
8,36
8,36
8,36
8,36
8,34
8,34
8,32
10,32
10,32
10,34
10,32
8,32
8,34
8,34
8,36
8,36
10,36
8,36
8,36
8,36
8,36
8,36
8,36
8,36
8,36
10,36
10,36
10,36
8,36
10,36
8,36
10,36
10,36
10,36
10,36
10,36
10,36
10,36
8,36
10,36
10,36
10,36
10,36
8,36
10,36
10,36
10,36
10,36
10,36
8,36
8,36
10,36
8,36
8,34
8,34
8,36
8,36
8,36
8,36
10,36
10,36
10,36
10,36
10,36
10,36
10,36
10,36
10,36
8,36
8,36
8,34
8,32
8,34
8,34
8,36
8,36
8,36
10,36
10,36
8,36
8,36
8,34
8,34
8,34
8,34
8,32
10,32
10,34
10,34
10,34
10,34
12,34
12,34
12,34
12,34
10,34
10,34
10,32
10,34
10,34
10,32
10,32
10,34
10,34
10,34
12,34
12,34
12,34
12,34
10,34
12,34
12,34
12,34
10,34
10,34
10,34
10,34
12,34
12,34
12,34
12,34
12,34
12,34
12,34
12,34
12,34
12,34
12,34
12,34
12,34
12,34
12,34
12,34
10,34
12,34
10,34
10,34
10,32
8,32
8,32
10,32
10,34
10,32
10,34
10,34
10,34
12,34
12,34
12,34
12,34
10,34
10,34
10,34
10,34
10,32
10,32
10,32
10,32
10,34
10,34
10,32
10,32
8,32
8,34
8,34
8,34
8,34
8,32
10,32
10,32
10,32
10,32
10,32
8,32
8,34
8,36
10,36
8,36
8,34
8,36
8,36
8,36
10,36
10,36
10,36
10,36
8,36
8,36
10,36
10,36
10,36
10,36
10,36
10,36
10,36
8,36
10,36
10,36
8,36
8,36
8,36
8,36
8,34
8,36
8,34
8,36
8,36
8,36
8,34
8,36
8,34
8,36
8,36
8,36
8,34
8,34
8,36
8,36
8,36
8,36
8,34
8,34
8,34
8,34
8,36
8,34
8,34
8,34
8,36
8,36
8,34
8,32
8,32
8,30
8,32
10,32
10,34
12,34
10,34
10,34
10,34
12,34
12,34
12,34
12,34
10,34
12,34
12,34
10,34
12,34
12,34
12,34
12,34
10,34
10,34
10,32
10,32
10,32
10,34
10,34
10,34
12,34
12,34
12,34
12,34
10,34
10,32
10,32
10,32
10,32
10,32
10,32
8,32
10,32
10,32
8,32
10,32
10,34
10,34
10,34
10,34
10,34
10,34
10,34
12,34
12,34
10,34
12,34
12,34
10,34
10,34
10,34
12,34
12,34
12,34
12,34
10,34
10,34
12,34
10,34
10,34
10,34
10,34
10,34
10,34
10,34
10,34
10,34
10,32
8,32
10,32
10,34
10,34
10,34
12,34
12,34
10,34
10,32
8,32
8,32
8,34
8,34
8,32
8,34
8,34
8,34
8,36
8,36
8,36
8,36
8,34
8,34
8,34
8,34
8,36
8,36
8,36
8,36
8,36
8,34
8,36
8,36
8,36
10,36
10,36
8,36
8,36
8,36
8,36
8,36
8,36
8,34
8,36
8,36
8,36
8,34
8,36
10,36
10,36
10,36
10,36
10,36
10,36
10,36
8,36
8,36
8,36
8,36
8,36
8,36
10,36
10,36
10,36
10,36
8,36
8,36
8,36
8,34
8,34
8,36
8,36
8,36
8,36
10,36
10,36
10,36
10,36
8,36
10,36
10,36
8,36
8,36
8,34
8,36
10,36
10,36
10,36
10,36
10,36
8,36
8,36
8,36
10,36
10,36
10,36
10,36
10,36
10,36
10,36
10,36
10,36
10,36
10,36
10,36
10,36
10,36
10,36
10,36
8,36
8,36
8,34
8,34
8,34
8,34
8,36
10,36
10,36
10,36
8,36
8,36
8,36
8,36
10,36
10,36
10,36
10,36
10,36
10,36
10,36
10,36
10,36
10,36
10,36
10,36
10,36
10,36
10,36
10,36
10,36
10,36
10,36
10,36
8,36
8,34
8,32
8,34
8,34
8,34
8,34
8,36
8,34
8,34
8,32
8,30
8,30
8,30
8,30
8,30
6,30
4,30
4,30
4,32
4,32
4,32
4,32
4,32
4,32
4,30
4,32
4,30
4,32
4,32
4,32
4,32
4,32
4,32
4,32
4,30
4,32
4,30
4,32
4,32
4,32
4,32
4,30
4,32
4,32
4,32
4,32
4,32
4,32
4,32
4,32
4,32
4,32
4,32
4,32
4,32
4,32
4,32
4,32
4,32
4,32
4,32
4,30
4,30
4,30
4,32
4,32
4,32
4,30
4,32
4,32
4,32
4,32
4,32
4,32
4,32
4,32
4,32
4,30
4,30
4,32
4,32
4,32
4,32
4,32
4,32
4,32
4,32
4,32
4,32
4,32
4,32
4,32
4,32
4,32
4,32
4,32
4,32
4,32
4,30
4,30
6,30
4,30
4,30
4,32
4,32
4,32
4,32
4,32
4,32
4,32
4,32
4,30
4,30
4,28
4,26
2,26
2,28
2,30
2,30
2,28
2,26
2,28
2,28
2,30
2,30
2,30
2,30
2,28
2,30
2,30
2,32
2,32
2,32
2,34
2,34
2,34
2,34
4,34
4,36
2,36
2,36
2,36
2,36
4,36
4,36
4,36
4,36
6,36
6,36
6,36
6,36
6,36
6,36
6,36
4,36
6,36
6,36
6,36
6,36
6,36
6,36
6,36
6,36
6,36
6,36
6,36
6,36
6,36
4,36
4,34
6,34
6,34
4,34
6,34
6,34
4,34
6,34
6,32
6,32
6,32
6,32
6,32
6,32
6,32
6,34
4,34
4,34
6,34
6,32
6,32
6,32
6,32
6,34
6,34
6,32
6,32
6,32
6,32
6,32
6,32
6,32
6,32
6,34
4,34
6,34
6,34
6,32
6,32
6,34
6,32
6,32
6,32
6,32
6,32
6,34
6,32
6,34
6,34
6,32
6,32
6,32
6,34
6,34
6,34
6,32
6,32
6,32
6,34
4,34
4,34
2,34
2,34
4,34
4,34
4,36
4,34
2,34
4,34
4,34
4,34
4,36
6,36
6,36
6,36
6,36
4,36
2,36
2,36
2,36
2,36
2,36
2,36
2,36
2,36
4,36
2,36
4,36
6,36
6,36
6,36
6,36
4,36
4,36
6,36
6,36
6,36
6,36
6,36
4,36
4,34
4,36
4,34
4,34
4,34
2,34
2,32
2,32
2,32
2,30
2,30
2,32
2,32
2,32
2,32
2,30
2,32
2,30
2,30
2,30
2,30
2,30
2,28
2,26
2,26
2,28
2,30
2,30
2,30
2,30
2,30
2,28
2,26
2,26
4,26
4,26
4,28
4,30
4,32
4,32
4,32
4,32
4,32
4,32
4,32
4,32
4,32
4,32
4,32
4,32
4,32
4,32
4,32
4,32
4,32
4,32
4,32
4,32
4,32
4,32
4,32
4,32
4,32
4,32
4,32
4,32
4,32
4,32
4,30
6,30
6,30
6,30
8,30
8,30
8,30
6,30
6,30
6,30
6,30
4,30
4,30
4,28
4,28
4,30
4,30
4,30
4,28
4,28
4,26
2,26
2,26
4,26
6,26
8,26
8,26
8,26
8,26
6,26
6,26
4,26
4,26
2,26
4,26
6,26
6,26
6,26
8,26
6,26
8,26
8,26
6,26
8,26
6,26
6,26
6,26
8,26
8,26
6,26
8,26
8,26
8,26
8,26
6,26
6,26
6,26
6,26
6,26
6,26
6,26
4,26
2,26
4,26
2,26
4,26
4,26
2,26
2,28
2,30
2,30
2,30
2,28
2,28
2,26
4,26
4,28
4,26
4,26
4,26
6,26
8,26
8,26
6,26
6,26
6,26
6,26
8,26
6,26
6,26
6,26
4,26
6,26
6,26
6,26
6,26
6,26
6,26
6,26
6,26
4,26
2,26
2,26
4,26
4,28
4,28
4,28
4,30
4,30
6,30
6,30
8,30
8,30
8,30
8,32
8,32
8,30
8,32
8,34
8,34
8,34
8,32
8,34
8,34
8,36
8,36
8,36
8,34
8,36
10,36
10,36
10,36
10,36
10,36
8,36
10,36
10,36
10,36
10,36
10,36
10,36
10,36
10,36
10,36
10,36
8,36
10,36
10,36
10,36
10,36
10,36
10,36
10,36
10,36
10,36
10,36
10,36
10,36
10,36
10,36
8,36
8,34
8,34
8,34
8,32
8,32
8,34
8,36
10,36
10,36
10,36
10,36
10,36
10,36
10,36
10,36
10,36
8,36
10,36
8,36
10,36
10,36
10,36
10,36
10,36
10,36
10,36
10,36
10,36
10,36
10,36
10,36
10,36
10,36
10,36
10,36
8,36
8,34
8,34
8,34
8,32
10,32
10,32
8,32
8,30
8,32
8,30
6,30
8,30
8,32
8,34
8,34
8,32
8,32
10,32
8,32
8,32
8,34
8,32
10,32
10,34
10,34
10,32
8,32
8,32
10,32
10,34
10,34
12,34
12,34
12,34
12,34
12,34
12,34
10,34
10,34
10,34
12,34
10,34
10,34
12,34
12,34
12,34
12,34
12,34
12,34
12,34
12,34
12,34
12,34
12,34
12,34
12,34
12,34
10,34
10,34
10,32
10,32
8,32
8,34
8,36
10,36
10,36
10,36
10,36
10,36
10,36
10,36
10,36
10,36
10,36
10,36
8,36
8,36
8,34
8,34
8,36
8,36
8,34
8,32
8,34
8,34
8,34
8,34
8,36
8,34
8,32
10,32
8,32
8,32
10,32
10,32
10,32
8,32
8,30
6,30
8,30
8,32
8,34
8,34
8,34
8,32
8,30
8,30
8,30
6,30
8,30
8,32
8,32
8,34
8,34
8,34
8,36
8,36
8,36
8,36
8,36
10,36
10,36
8,36
10,36
10,36
10,36
10,36
10,36
8,36
10,36
10,36
10,36
8,36
8,36
8,34
8,36
8,36
8,36
10,36
10,36
10,36
8,36
8,36
8,36
8,36
10,36
10,36
8,36
8,36
8,36
10,36
10,36
10,36
10,36
10,36
8,36
8,34
8,36
10,36
10,36
10,36
10,36
10,36
10,36
10,36
10,36
10,36
10,36
10,36
10,36
10,36
10,36
10,36
10,36
10,36
10,36
10,36
8,36
8,36
8,36
8,36
10,36
10,36
10,36
10,36
8,36
8,36
8,36
8,34
8,34
8,34
8,34
8,36
10,36
10,36
10,36
10,36
10,36
10,36
10,36
10,36
8,36
10,36
10,36
10,36
10,36
8,36
8,34
8,36
10,36
10,36
10,36
10,36
10,36
10,36
10,36
10,36
10,36
10,36
10,36
10,36
8,36
10,36
8,36
8,36
10,36
10,36
10,36
8,36
8,36
8,34
8,36
8,36
8,36
8,36
8,36
8,34
8,36
8,36
10,36
10,36
10,36
8,36
8,36
8,36
8,34
8,32
10,32
10,34
12,34
10,34
10,34
10,32
10,32
10,32
10,32
10,34
10,34
10,32
10,32
10,32
10,32
8,32
8,30
8,30
6,30
8,30
6,30
8,30
8,30
8,30
6,30
6,30
4,30
4,30
6,30
6,30
6,30
4,30
4,28
4,30
4,30
4,32
4,30
6,30
6,30
8,30
6,30
8,30
6,30
4,30
4,32
4,32
4,30
4,30
4,30
4,30
6,30
8,30
6,30
6,30
8,30
8,32
8,32
8,32
8,34
8,32
8,34
8,34
8,32
8,34
8,34
8,34
8,36
8,36
8,36
8,36
8,36
10,36
10,36
10,36
10,36
10,36
10,36
10,36
10,36
10,36
10,36
10,36
8,36
8,36
8,34
8,34
8,32
8,32
10,32
8,32
8,32
10,32
10,32
10,32
8,32
8,32
10,32
10,32
10,32
10,34
10,34
10,34
10,32
10,34
10,34
10,32
10,34
12,34
10,34
10,34
10,34
10,32
10,32
10,34
10,32
8,32
8,32
8,34
8,34
8,32
10,32
10,34
10,32
8,32
8,30
8,30
8,30
8,30
8,30
8,32
8,34
8,34
8,34
8,32
8,32
8,34
8,34
8,34
8,34
8,32
8,34
8,34
8,36
8,36
10,36
8,36
8,36
8,36
8,34
8,36
8,36
8,34
8,34
8,34
8,32
8,34
8,32
8,34
8,34
8,32
8,32
8,32
10,32
8,32
8,34
8,36
10,36
10,36
10,36
10,36
8,36
8,34
8,34
8,32
8,34
8,34
8,36
8,36
10,36
10,36
8,36
10,36
10,36
10,36
8,36
10,36
10,36
10,36
8,36
10,36
10,36
10,36
10,36
8,36
8,36
10,36
10,36
10,36
10,36
8,36
8,34
8,34
8,32
10,32
10,32
10,32
10,34
10,34
10,32
10,32
10,32
8,32
8,34
8,34
8,34
8,32
8,30
8,32
8,34
8,34
8,34
8,34
8,34
8,34
8,36
10,36
10,36
10,36
8,36
8,36
8,36
8,34
8,34
8,36
8,36
8,34
8,36
8,36
8,36
8,36
8,34
8,36
8,36
8,36
8,36
8,36
10,36
10,36
10,36
10,36
10,36
10,36
10,36
10,36
10,36
10,36
10,36
10,36
10,36
10,36
8,36
8,34
8,34
8,34
8,34
8,36
8,34
8,32
10,32
10,34
10,34
12,34
12,34
12,34
10,34
10,34
10,34
10,32
10,32
8,32
8,34
8,32
10,32
10,32
10,32
10,32
10,32
10,32
10,32
10,32
10,32
8,32
10,32
8,32
10,32
10,34
10,34
10,34
10,34
10,34
10,32
8,32
10,32
10,34
12,34
12,34
12,34
12,34
12,34
12,34
12,34
12,34
10,34
12,34
12,34
12,34
12,34
10,34
10,32
8,32
8,32
8,32
8,34
8,34
8,36
10,36
10,36
10,36
10,36
10,36
8,36
8,34
8,34
8,34
8,32
10,32
10,32
10,34
10,34
12,34
10,34
10,32
10,32
10,34
12,34
12,34
12,34
12,34
12,34
12,34
12,34
12,34
12,34
12,34
12,34
12,34
12,34
12,34
12,34
12,34
10,34
10,34
12,34
12,34
12,34
10,34
10,34
10,32
10,32
10,32
10,32
8,32
10,32
8,32
8,30
8,30
8,30
8,30
8,32
8,32
8,34
8,34
8,34
8,36
10,36
8,36
10,36
10,36
10,36
10,36
10,36
8,36
8,36
10,36
10,36
10,36
8,36
8,34
8,36
8,34
8,34
8,36
8,34
8,32
8,34
8,36
10,36
10,36
10,36
10,36
8,36
10,36
10,36
8,36
8,36
10,36
10,36
10,36
10,36
10,36
10,36
10,36
10,36
10,36
10,36
10,36
10,36
10,36
8,36
8,36
8,36
8,36
10,36
10,36
10,36
10,36
10,36
10,36
8,36
10,36
8,36
8,34
8,32
8,32
8,30
8,30
8,32
10,32
10,32
8,32
8,30
8,32
8,30
6,30
4,30
4,32
4,32
4,32
4,32
4,32
4,32
4,32
4,32
4,32
4,32
4,32
4,32
4,32
4,32
4,30
6,30
4,30
6,30
8,30
8,30
6,30
8,30
8,30
6,30
6,30
6,30
8,30
8,32
8,30
8,32
8,34
8,34
8,34
8,34
8,36
8,34
8,34
8,34
8,34
8,36
8,36
8,36
8,36
8,36
8,36
10,36
8,36
10,36
10,36
10,36
10,36
10,36
10,36
8,36
10,36
10,36
8,36
8,36
8,36
10,36
10,36
8,36
8,36
8,36
8,34
8,34
8,32
8,34
8,34
8,34
8,32
8,34
8,34
8,36
8,36
10,36
10,36
10,36
10,36
10,36
8,36
8,36
10,36
8,36
8,36
8,36
10,36
10,36
10,36
10,36
10,36
8,36
8,34
8,32
10,32
10,32
10,32
8,32
8,34
8,36
8,34
8,36
8,36
8,36
8,36
10,36
10,36
8,36
8,36
10,36
10,36
10,36
10,36
8,36
8,36
8,36
8,36
8,36
8,36
8,34
8,34
8,34
8,32
8,32
8,30
8,30
6,30
4,30
4,28
4,28
4,28
4,26
2,26
2,26
2,26
2,26
2,28
2,28
2,28
2,28
2,28
2,30
2,32
2,34
2,34
2,34
2,34
2,34
4,34
6,34
6,34
4,34
6,34
6,34
6,32
6,32
6,32
6,32
6,32
6,32
6,32
6,32
6,32
6,34
4,34
4,36
2,36
4,36
4,34
6,34
4,34
4,36
4,36
4,34
4,36
6,36
6,36
6,36
6,36
6,36
6,36
4,36
6,36
6,36
6,36
4,36
4,34
4,34
4,36
2,36
2,36
4,36
4,36
2,36
2,36
4,36
4,36
6,36
6,36
4,36
2,36
2,36
2,36
2,36
4,36
2,36
2,36
2,36
2,36
4,36
4,34
4,36
6,36
6,36
6,36
4,36
4,34
4,34
4,36
6,36
6,36
4,36
6,36
6,36
6,36
6,36
6,36
6,36
6,36
6,36
6,36
6,36
6,36
6,36
6,36
6,36
6,36
6,36
6,36
6,36
6,36
4,36
2,36
2,36
2,36
4,36
4,36
4,36
4,34
6,34
6,32
6,32
6,32
6,34
6,32
6,32
6,32
6,32
6,34
6,34
6,34
6,34
6,34
6,34
6,34
6,32
6,32
6,32
6,32
6,32
6,32
6,32
6,34
6,34
6,34
6,34
6,32
6,32
6,34
4,34
4,34
6,34
6,34
6,34
6,32
6,32
6,32
6,34
4,34
2,34
4,34
6,34
6,32
6,32
6,34
6,34
6,34
6,34
6,34
6,34
6,32
6,34
6,32
6,34
6,32
6,32
6,32
6,34
6,34
6,34
4,34
4,34
6,34
6,32
6,34
6,34
6,34
6,32
6,32
6,32
6,32
6,32
6,32
6,32
6,32
6,32
6,32
6,32
6,34
6,32
6,32
6,32
6,34
6,34
6,34
4,34
6,34
4,34
4,34
6,34
6,32
6,32
6,32
6,34
6,34
4,34
2,34
4,34
4,34
6,34
6,34
6,34
4,34
4,34
2,34
2,34
2,34
2,32
2,32
2,32
2,30
2,30
2,30
2,30
2,28
2,30
2,30
2,32
2,32
2,32
2,30
2,32
2,30
2,32
2,34
4,34
6,34
6,32
6,32
6,32
6,32
6,34
6,34
4,34
4,36
4,34
4,36
4,36
4,36
2,36
2,36
2,36
2,36
4,36
4,36
6,36
6,36
6,36
4,36
4,36
4,36
2,36
4,36
2,36
2,36
2,36
4,36
6,36
6,36
4,36
4,36
4,34
2,34
2,34
2,34
2,34
2,32
2,32
2,32
2,30
2,30
2,30
2,30
2,28
2,26
2,28
2,28
2,26
2,26
2,26
2,26
2,28
2,28
2,28
2,30
2,30
2,28
2,28
2,28
2,26
2,26
4,26
6,26
4,26
6,26
4,26
4,28
4,30
4,28
4,28
4,28
4,28
4,30
6,30
6,30
6,30
6,30
6,30
4,30
4,30
4,30
4,30
4,28
4,28
4,26
2,26
2,26
2,26
2,26
2,26
2,26
2,28
2,28
2,26
2,28
2,26
2,26
2,28
2,30
2,32
2,34
2,34
4,34
6,34
6,34
6,34
6,34
4,34
2,34
2,34
2,34
2,34
4,34
4,36
4,36
4,36
4,34
2,34
2,32
2,32
2,32
2,34
2,34
4,34
2,34
2,34
4,34
6,34
6,34
6,32
6,32
6,32
6,32
6,34
6,34
6,32
6,32
6,32
6,32
6,32
6,32
6,32
6,32
6,34
6,34
6,34
4,34
2,34
2,34
4,34
4,34
4,34
6,34
6,34
6,34
6,34
6,32
6,32
6,32
6,34
6,34
4,34
6,34
6,34
4,34
4,36
4,36
4,34
4,36
2,36
2,36
2,36
2,36
2,36
4,36
4,34
6,34
4,34
2,34
2,34
2,34
2,34
4,34
4,36
6,36
6,36
6,36
4,36
4,34
6,34
6,34
6,34
6,34
4,34
4,36
2,36
2,36
2,36
2,36
2,36
2,36
2,36
4,36
6,36
4,36
4,36
6,36
6,36
6,36
4,36
2,36
2,36
2,36
4,36
6,36
4,36
6,36
6,36
6,36
6,36
6,36
6,36
6,36
6,36
6,36
4,36
4,36
4,36
6,36
6,36
6,36
4,36
4,34
2,34
2,34
2,34
4,34
4,34
4,36
4,36
2,36
2,36
2,36
2,36
2,36
2,36
4,36
6,36
6,36
6,36
6,36
6,36
6,36
6,36
6,36
6,36
6,36
6,36
6,36
6,36
6,36
6,36
4,36
2,36
4,36
2,36
2,36
2,36
2,36
2,36
2,36
4,36
6,36
6,36
6,36
6,36
6,36
4,36
4,34
6,34
4,34
4,36
2,36
4,36
6,36
6,36
6,36
6,36
6,36
6,36
6,36
4,36
6,36
6,36
6,36
4,36
2,36
2,36
2,36
2,36
4,36
4,34
6,34
4,34
4,36
2,36
2,36
2,36
2,36
2,36
4,36
2,36
2,36
2,36
4,36
4,36
4,36
4,36
6,36
6,36
6,36
4,36
4,36
4,34
4,36
6,36
6,36
6,36
6,36
4,36
4,36
4,34
6,34
6,34
4,34
6,34
6,34
4,34
2,34
4,34
4,36
4,34
6,34
6,34
6,34
6,32
6,32
6,32
6,32
6,34
4,34
6,34
6,34
6,34
6,34
6,32
6,32
6,32
6,32
6,34
6,34
6,34
6,34
6,34
6,32
6,34
4,34
2,34
2,34
2,34
2,34
2,34
2,34
4,34
4,34
6,34
6,32
6,32
6,32
6,32
6,32
6,32
6,32
6,34
6,34
4,34
6,34
4,34
2,34
2,34
2,34
4,34
2,34
2,32
2,32
2,30
2,32
2,30
2,32
2,32
2,30
2,30
2,32
2,32
2,32
2,32
2,32
2,32
2,32
2,34
4,34
4,34
4,36
2,36
2,36
2,36
2,36
2,36
4,36
4,36
4,34
4,34
6,34
6,32
6,32
6,32
6,32
6,34
6,32
6,34
4,34
4,34
2,34
2,32
2,32
2,30
2,30
2,30
2,28
2,26
2,26
4,26
4,28
4,28
4,28
4,26
4,26
4,28
4,28
4,30
6,30
8,30
6,30
6,30
6,30
4,30
4,30
4,30
4,30
4,32
4,32
4,32
4,30
6,30
6,30
6,30
6,30
6,30
6,30
6,30
8,30
6,30
4,30
6,30
4,30
4,30
4,28
4,26
4,28
4,30
6,30
6,30
8,30
8,32
8,34
8,36
10,36
10,36
10,36
10,36
10,36
10,36
10,36
10,36
10,36
10,36
10,36
10,36
10,36
10,36
10,36
8,36
8,36
10,36
10,36
10,36
10,36
10,36
10,36
10,36
10,36
8,36
8,36
10,36
10,36
10,36
10,36
10,36
10,36
10,36
8,36
8,36
8,36
8,36
10,36
8,36
10,36
10,36
10,36
10,36
10,36
10,36
8,36
10,36
10,36
10,36
10,36
10,36
10,36
10,36
10,36
10,36
10,36
10,36
8,36
8,36
8,34
8,34
8,32
8,34
8,34
8,36
8,36
8,34
8,36
8,34
8,34
8,32
8,32
8,34
8,34
8,36
8,34
8,34
8,34
8,34
8,36
8,34
8,34
8,34
8,36
8,36
8,36
8,36
8,36
8,36
8,34
8,36
8,36
8,36
8,36
8,34
8,34
8,34
8,34
8,36
8,36
8,34
8,32
10,32
8,32
10,32
8,32
8,32
8,30
8,32
10,32
8,32
10,32
10,32
10,32
8,32
10,32
8,32
8,34
8,36
8,34
8,32
8,32
8,32
8,32
10,32
10,32
10,34
10,32
10,32
10,32
10,34
10,34
10,34
10,34
12,34
10,34
10,34
10,34
10,34
10,34
10,34
10,34
10,32
8,32
8,34
8,32
8,32
8,34
8,34
8,32
8,34
8,34
8,32
8,32
8,32
8,30
8,30
8,30
8,30
8,30
6,30
6,30
4,30
4,30
6,30
8,30
8,32
8,30
6,30
6,30
6,30
6,30
6,30
6,30
6,30
8,30
8,32
8,30
8,30
8,30
8,32
8,32
8,34
8,34
8,36
8,34
8,32
8,32
8,34
8,34
8,34
8,34
8,32
8,34
8,36
8,34
8,34
8,36
8,36
8,36
8,36
8,36
8,34
8,34
8,34
8,36
10,36
10,36
10,36
10,36
10,36
10,36
10,36
10,36
8,36
8,34
8,34
8,34
8,36
8,36
8,34
8,34
8,34
8,36
10,36
10,36
10,36
10,36
10,36
8,36
8,36
10,36
8,36
8,34
8,34
8,32
10,32
8,32
8,32
10,32
10,32
8,32
8,34
8,34
8,34
8,32
8,32
8,30
8,32
8,32
8,32
8,30
8,30
6,30
6,30
6,30
6,30
8,30
6,30
6,30
8,30
8,32
8,34
8,34
8,34
8,34
8,36
10,36
10,36
10,36
10,36
10,36
8,36
8,36
8,36
8,36
8,34
8,34
8,34
8,34
8,34
8,32
10,32
8,32
8,34
8,34
8,34
8,36
8,36
10,36
10,36
10,36
8,36
8,36
8,36
8,34
8,34
8,34
8,34
8,32
8,34
8,34
8,34
8,34
8,34
8,34
8,34
8,36
10,36
10,36
10,36
10,36
10,36
10,36
8,36
8,36
8,36
8,36
8,36
8,36
8,36
8,36
8,36
8,36
8,36
10,36
10,36
10,36
10,36
10,36
10,36
8,36
8,34
8,36
8,36
10,36
8,36
8,36
8,36
8,36
10,36
10,36
8,36
8,34
8,32
8,34
8,36
8,36
8,34
8,34
8,34
8,36
8,36
8,36
10,36
10,36
10,36
8,36
8,36
8,36
10,36
10,36
8,36
8,36
8,36
8,34
8,32
8,34
8,34
8,32
10,32
10,34
10,34
10,34
10,34
12,34
12,34
12,34
10,34
10,34
12,34
12,34
12,34
10,34
10,34
10,34
10,32
10,32
10,34
10,34
12,34
12,34
12,34
10,34
12,34
12,34
12,34
12,34
12,34
12,34
12,34
10,34
12,34
12,34
12,34
12,34
12,34
10,34
10,34
10,34
10,34
10,32
8,32
8,32
8,34
8,34
8,34
8,36
8,36
8,34
8,34
8,32
8,32
8,34
8,32
8,34
8,32
8,30
8,32
8,30
8,30
6,30
6,30
8,30
6,30
6,30
6,30
6,30
4,30
4,32
4,32
4,30
6,30
4,30
4,30
4,32
4,32
4,32
4,30
6,30
6,30
4,30
6,30
4,30
6,30
6,30
8,30
6,30
4,30
4,30
4,30
4,32
4,32
4,32
4,32
4,32
4,32
4,32
4,32
4,30
4,32
4,32
4,32
4,32
4,32
4,32
4,32
4,30
4,28
4,28
4,28
4,30
6,30
4,30
4,28
4,26
4,28
4,30
4,28
4,28
4,26
4,26
4,28
4,26
2,26
2,28
2,30
2,30
2,30
2,32
2,34
2,34
4,34
2,34
2,34
2,32
2,32
2,30
2,28
2,26
2,26
2,28
2,30
2,32
2,32
2,32
2,30
2,30
2,30
2,30
2,30
2,30
2,32
2,32
2,30
2,30
2,30
2,32
2,34
4,34
4,36
4,34
2,34
2,34
4,34
4,34
2,34
2,34
2,34
2,34
2,34
2,34
2,34
2,34
4,34
4,34
6,34
4,34
2,34
2,32
2,32
2,30
2,30
2,30
2,28
2,30
2,32
2,32
2,32
2,30
2,30
2,28
2,28
2,28
2,28
2,30
2,30
2,30
2,30
2,30
2,30
2,28
2,30
2,28
2,30
2,30
2,32
2,34
2,34
4,34
6,34
6,34
6,34
4,34
6,34
6,34
6,34
6,34
6,34
4,34
4,36
2,36
2,36
4,36
4,36
6,36
6,36
6,36
4,36
6,36
6,36
4,36
4,36
2,36
2,36
4,36
4,36
6,36
6,36
6,36
6,36
6,36
6,36
4,36
4,36
6,36
6,36
6,36
6,36
6,36
6,36
6,36
6,36
4,36
4,34
6,34
6,32
6,34
6,34
6,34
6,34
6,34
6,32
6,34
4,34
6,34
6,32
6,32
6,32
6,34
6,34
6,34
4,34
6,34
4,34
6,34
6,34
6,34
4,34
2,34
2,34
2,34
2,32
2,30
2,32
2,32
2,34
2,32
2,32
2,32
2,30
2,32
2,32
2,32
2,34
4,34
4,34
2,34
2,32
2,32
2,32
2,32
2,30
2,30
2,30
2,32
2,32
2,32
2,32
2,34
2,34
2,34
2,34
2,34
4,34
4,34
2,34
2,34
2,34
2,34
4,34
4,36
2,36
4,36
4,36
4,34
2,34
2,34
2,32
2,32
2,34
4,34
4,34
4,36
2,36
2,36
4,36
4,36
2,36
2,36
2,36
2,36
2,36
2,36
2,36
2,36
2,36
4,36
4,34
4,34
4,34
4,34
2,34
4,34
4,34
4,34
6,34
6,34
4,34
2,34
4,34
2,34
2,34
2,34
2,34
2,32
2,34
2,34
2,32
2,34
4,34
6,34
6,34
4,34
6,34
6,34
4,34
4,36
4,36
4,36
2,36
2,36
2,36
2,36
2,36
4,36
6,36
6,36
6,36
6,36
4,36
2,36
4,36
6,36
4,36
6,36
6,36
6,36
4,36
4,34
6,34
4,34
4,36
4,36
4,36
4,36
4,34
2,34
2,34
2,34
4,34
4,36
2,36
2,36
2,36
4,36
4,34
4,36
2,36
2,36
2,36
2,36
2,36
2,36
2,36
2,36
2,36
2,36
2,36
2,36
4,36
4,34
4,34
2,34
4,34
2,34
2,34
4,34
2,34
4,34
6,34
6,32
6,32
6,32
6,32
6,32
6,32
6,32
6,34
6,34
6,32
6,34
4,34
6,34
6,34
6,34
6,34
6,34
6,34
4,34
4,34
4,36
4,36
2,36
4,36
4,36
6,36
4,36
2,36
2,36
2,36
4,36
2,36
2,36
2,36
2,36
2,36
2,36
2,36
2,36
4,36
4,34
2,34
2,34
2,34
4,34
2,34
2,32
2,34
2,32
2,32
2,34
2,32
2,32
2,32
2,34
4,34
4,36
6,36
6,36
4,36
2,36
4,36
2,36
4,36
2,36
4,36
4,34
6,34
4,34
4,36
6,36
6,36
6,36
6,36
4,36
6,36
6,36
6,36
6,36
6,36
6,36
6,36
6,36
6,36
6,36
6,36
6,36
6,36
6,36
6,36
6,36
6,36
6,36
6,36
4,36
2,36
2,36
2,36
2,36
2,36
2,36
2,36
4,36
4,36
4,34
2,34
2,32
2,30
2,32
2,32
2,32
2,34
2,32
2,32
2,32
2,34
2,34
4,34
2,34
4,34
4,34
4,36
2,36
2,36
4,36
4,36
2,36
4,36
4,34
4,36
2,36
4,36
6,36
6,36
6,36
6,36
4,36
6,36
6,36
6,36
6,36
6,36
6,36
6,36
6,36
4,36
4,36
4,36
2,36
2,36
2,36
2,36
4,36
4,36
6,36
6,36
6,36
6,36
4,36
4,36
4,36
4,36
2,36
2,36
4,36
6,36
4,36
2,36
4,36
4,34
6,34
4,34
6,34
6,32
6,34
6,34
4,34
6,34
6,34
4,34
4,36
4,36
4,34
4,36
6,36
6,36
4,36
4,36
2,36
2,36
2,36
2,36
2,36
2,36
2,36
2,36
2,36
2,36
4,36
4,36
4,36
4,36
6,36
6,36
6,36
6,36
6,36
6,36
4,36
6,36
6,36
6,36
6,36
6,36
6,36
4,36
4,36
6,36
6,36
6,36
6,36
4,36
2,36
2,36
2,36
2,36
4,36
2,36
2,36
2,36
2,36
4,36
2,36
4,36
2,36
4,36
6,36
6,36
6,36
6,36
4,36
4,34
6,34
4,34
4,36
4,34
4,36
6,36
6,36
6,36
4,36
4,36
2,36
2,36
2,36
2,36
2,36
4,36
4,36
4,34
6,34
6,32
6,34
6,32
6,32
6,34
6,34
6,34
6,34
6,32
6,32
6,32
6,32
6,34
6,32
6,32
6,32
6,32
6,34
6,34
6,32
6,32
6,32
6,32
6,32
6,34
6,34
6,34
6,34
6,34
6,32
6,32
6,32
6,34
4,34
2,34
2,34
2,34
4,34
4,34
2,34
2,34
2,34
4,34
4,36
2,36
4,36
4,34
4,36
4,34
4,36
2,36
2,36
2,36
2,36
2,36
2,36
2,36
2,36
2,36
2,36
4,36
4,34
2,34
2,34
2,34
2,34
2,34
2,34
2,34
2,32
2,30
2,30
2,30
2,32
2,32
2,32
2,32
2,30
2,30
2,30
2,28
2,26
2,26
2,28
2,26
2,28
2,26
2,28
2,28
2,28
2,26
4,26
4,28
4,28
4,28
4,28
4,28
4,26
2,26
2,26
2,26
4,26
6,26
4,26
4,26
4,26
6,26
6,26
4,26
2,26
2,26
4,26
2,26
2,28
2,26
4,26
6,26
8,26
8,24
8,26
8,26
6,26
8,26
6,26
6,26
4,26
4,28
4,28
4,28
4,28
4,26
4,28
4,30
6,30
6,30
8,30
6,30
4,30
4,32
4,32
4,30
6,30
6,30
6,30
6,30
4,30
4,32
4,30
6,30
6,30
6,30
4,30
4,32
4,32
4,32
4,32
4,32
4,32
4,32
4,30
4,30
4,30
4,30
4,30
4,32
4,32
4,32
4,30
4,30
6,30
8,30
6,30
6,30
6,30
8,30
6,30
6,30
8,30
8,30
8,32
8,30
8,30
8,30
6,30
8,30
8,32
8,30
8,30
8,32
10,32
10,34
10,34
10,34
10,32
10,34
10,34
10,34
10,32
10,34
10,34
12,34
10,34
10,32
10,32
8,32
8,34
8,34
8,36
8,36
8,36
8,36
8,36
8,36
8,34
8,36
8,34
8,34
8,34
8,34
8,36
8,36
10,36
10,36
10,36
10,36
8,36
8,36
10,36
10,36
10,36
10,36
10,36
10,36
10,36
8,36
8,36
8,34
8,32
10,32
10,32
10,32
8,32
8,30
8,32
8,34
8,34
8,32
8,32
8,34
8,34
8,36
8,34
8,34
8,36
10,36
10,36
10,36
10,36
10,36
10,36
10,36
8,36
8,36
8,36
8,36
8,36
8,36
8,36
8,36
10,36
10,36
10,36
10,36
10,36
10,36
8,36
10,36
10,36
10,36
10,36
8,36
8,36
8,36
8,36
8,36
8,36
8,36
8,34
8,36
8,36
10,36
10,36
10,36
10,36
10,36
10,36
10,36
10,36
10,36
10,36
10,36
10,36
8,36
8,36
8,36
10,36
10,36
10,36
10,36
8,36
8,36
8,36
8,34
8,34
8,36
10,36
10,36
10,36
10,36
10,36
10,36
10,36
8,36
10,36
10,36
10,36
10,36
10,36
8,36
8,34
8,36
8,36
8,34
8,36
8,36
10,36
10,36
10,36
10,36
10,36
10,36
10,36
8,36
8,36
8,36
10,36
10,36
10,36
10,36
10,36
8,36
10,36
10,36
10,36
10,36
10,36
8,36
8,34
8,34
8,34
8,34
8,34
8,32
8,34
8,36
8,34
8,36
8,36
10,36
10,36
10,36
8,36
8,36
8,34
8,32
8,30
8,30
8,32
8,34
8,34
8,32
8,32
10,32
8,32
10,32
10,32
10,34
12,34
12,34
10,34
10,34
10,34
10,32
10,34
10,34
12,34
12,34
12,34
12,34
10,34
10,34
10,34
10,32
10,32
10,34
10,34
10,34
12,34
12,34
12,34
12,34
12,34
12,34
12,34
12,34
12,34
12,34
10,34
10,34
10,34
12,34
10,34
10,32
8,32
8,32
8,34
8,36
8,36
10,36
10,36
10,36
10,36
10,36
10,36
10,36
8,36
10,36
10,36
10,36
8,36
8,36
10,36
8,36
8,36
10,36
8,36
8,34
8,34
8,36
8,36
8,36
8,34
8,32
8,32
8,34
8,32
8,34
8,34
8,34
8,34
8,32
8,32
8,32
8,30
8,32
8,30
6,30
6,30
6,30
6,30
8,30
8,32
8,34
8,32
8,34
8,36
8,36
8,36
10,36
10,36
10,36
8,36
8,36
8,34
8,36
8,36
8,36
8,36
10,36
8,36
8,36
8,36
10,36
10,36
10,36
10,36
10,36
10,36
10,36
10,36
8,36
8,36
8,36
8,36
10,36
10,36
10,36
8,36
8,36
10,36
10,36
10,36
8,36
8,36
8,36
10,36
10,36
10,36
8,36
8,36
8,36
8,36
8,36
8,34
8,32
8,34
8,34
8,32
8,30
8,30
8,30
6,30
6,30
8,30
8,32
8,34
8,34
8,36
10,36
8,36
8,34
8,36
8,36
8,36
8,36
8,36
8,34
8,34
8,32
8,30
8,30
8,32
10,32
10,34
10,34
10,34
10,34
12,34
12,34
12,34
12,34
10,34
10,34
10,34
10,34
10,34
12,34
10,34
10,34
10,34
10,34
10,34
10,34
12,34
12,34
12,34
12,34
12,34
12,34
12,34
12,34
12,34
12,34
12,34
12,34
12,34
10,34
10,34
12,34
12,34
10,34
10,34
10,34
10,34
10,34
10,34
10,34
10,34
10,32
10,32
10,34
10,34
10,34
10,34
10,34
10,32
10,34
12,34
12,34
10,34
12,34
12,34
12,34
10,34
12,34
12,34
12,34
12,34
12,34
10,34
10,34
10,32
10,32
8,32
8,34
8,36
10,36
10,36
8,36
8,34
8,36
8,36
10,36
10,36
10,36
8,36
8,36
8,36
8,34
8,32
8,32
8,30
8,30
6,30
6,30
8,30
6,30
6,30
6,30
4,30
4,32
4,32
4,32
4,32
4,32
4,32
4,32
4,32
4,30
4,32
4,32
4,32
4,32
4,32
4,32
4,32
4,32
4,30
4,28
4,28
4,28
4,28
4,30
4,28
4,26
4,28
4,30
4,32
4,30
4,32
4,32
4,32
4,32
4,32
4,32
4,32
4,30
4,32
4,32
4,30
4,32
4,30
6,30
6,30
4,30
4,28
4,28
4,30
4,32
4,32
4,32
4,32
4,32
4,32
4,32
4,32
4,32
4,32
4,32
4,30
6,30
8,30
8,30
8,32
8,32
8,32
8,34
8,36
8,34
8,36
8,36
10,36
8,36
8,36
8,36
8,36
8,36
8,34
8,36
8,36
10,36
10,36
10,36
10,36
8,36
8,36
8,34
8,36
10,36
10,36
8,36
8,36
8,34
8,34
8,32
8,34
8,36
10,36
10,36
10,36
10,36
8,36
8,36
10,36
10,36
10,36
10,36
8,36
8,36
8,36
10,36
10,36
10,36
10,36
10,36
10,36
8,36
8,36
10,36
10,36
10,36
10,36
8,36
10,36
8,36
8,36
8,34
8,32
8,30
8,30
6,30
8,30
8,32
10,32
10,32
10,32
10,32
10,32
10,34
10,34
10,34
12,34
12,34
12,34
12,34
12,34
12,34
10,34
10,34
10,34
10,34
10,34
12,34
12,34
12,34
12,34
12,34
10,34
10,32
10,32
10,34
12,34
12,34
12,34
10,34
10,34
10,34
12,34
12,34
12,34
12,34
12,34
12,34
10,34
10,32
10,32
10,32
10,34
10,34
10,32
10,32
10,34
10,34
10,34
10,34
12,34
12,34
12,34
12,34
12,34
12,34
12,34
12,34
10,34
10,34
10,34
10,34
12,34
12,34
12,34
12,34
10,34
10,32
8,32
8,34
8,34
8,36
8,36
8,36
8,36
8,36
10,36
8,36
8,36
8,34
8,36
8,36
8,36
10,36
10,36
8,36
8,36
8,36
8,36
8,36
10,36
10,36
10,36
10,36
10,36
10,36
8,36
8,34
8,34
8,34
8,32
10,32
10,32
10,34
10,34
10,32
8,32
8,32
8,34
8,34
8,34
8,36
8,36
10,36
10,36
8,36
8,36
8,34
8,34
8,34
8,34
8,32
8,32
8,30
8,32
8,32
8,34
8,34
8,36
8,36
8,36
8,34
8,34
8,34
8,32
8,30
6,30
8,30
8,30
6,30
6,30
6,30
6,30
6,30
4,30
4,30
4,32
4,32
4,32
4,32
4,32
4,32
4,32
4,32
4,32
4,32
4,32
4,30
4,30
4,28
4,28
4,28
4,28
4,26
4,28
4,28
4,28
4,28
4,30
4,28
4,28
4,28
4,30
6,30
4,30
4,32
4,32
4,32
4,32
4,32
4,30
4,32
4,32
4,32
4,32
4,32
4,30
4,32
4,30
4,30
4,32
4,32
4,32
4,32
4,32
4,30
4,28
4,30
4,32
4,32
4,30
4,32
4,32
4,32
4,32
4,32
4,30
6,30
8,30
8,32
8,30
8,32
8,34
8,36
10,36
10,36
10,36
8,36
8,36
8,36
8,34
8,36
8,36
10,36
10,36
10,36
10,36
10,36
10,36
10,36
10,36
10,36
8,36
8,34
8,32
10,32
10,32
10,32
10,34
10,34
10,34
10,32
10,34
10,34
10,34
10,34
10,34
10,34
10,32
8,32
8,32
10,32
10,32
10,32
8,32
8,32
8,34
8,32
8,30
8,32
8,30
8,32
8,32
8,32
8,30
6,30
6,30
6,30
4,30
6,30
6,30
4,30
4,32
4,32
4,32
4,32
4,30
4,30
4,28
4,28
4,26
2,26
2,26
2,26
2,26
4,26
4,28
4,28
4,26
4,26
2,26
2,26
4,26
6,26
6,26
6,26
8,26
6,26
4,26
4,28
4,28
4,30
6,30
6,30
4,30
4,32
4,30
6,30
4,30
4,30
4,28
4,30
4,32
4,32
4,32
4,30
6,30
8,30
8,30
8,30
6,30
6,30
4,30
4,30
4,30
4,32
4,32
4,32
4,32
4,30
6,30
6,30
6,30
8,30
6,30
8,30
8,32
8,30
8,30
6,30
8,30
8,30
8,32
8,32
10,32
10,34
10,34
10,34
10,34
10,34
12,34
12,34
12,34
12,34
12,34
10,34
10,34
12,34
12,34
10,34
10,34
10,32
10,32
8,32
8,34
8,34
8,36
8,36
8,36
8,36
10,36
10,36
10,36
10,36
10,36
8,36
8,36
8,36
10,36
8,36
8,36
10,36
8,36
8,36
8,36
10,36
8,36
8,36
8,36
8,36
10,36
10,36
10,36
10,36
10,36
8,36
8,36
8,34
8,36
8,36
8,36
8,36
10,36
10,36
10,36
10,36
10,36
8,36
8,34
8,34
8,36
10,36
10,36
8,36
8,36
8,36
8,36
8,34
8,34
8,34
8,36
8,36
8,36
8,36
10,36
10,36
10,36
8,36
8,34
8,34
8,34
8,36
8,36
8,34
8,34
8,34
8,34
8,34
8,34
8,36
8,36
8,34
8,36
8,36
10,36
10,36
10,36
10,36
10,36
10,36
10,36
10,36
10,36
8,36
10,36
10,36
10,36
8,36
8,36
8,36
8,34
8,36
8,36
8,36
10,36
10,36
10,36
10,36
8,36
8,36
10,36
8,36
10,36
10,36
10,36
10,36
8,36
10,36
10,36
10,36
10,36
10,36
8,36
8,36
8,36
8,36
8,34
8,34
8,34
8,34
8,34
8,34
8,34
8,36
8,36
10,36
10,36
8,36
8,34
8,36
8,36
8,36
8,36
8,36
8,36
8,36
10,36
8,36
8,36
10,36
8,36
10,36
10,36
10,36
10,36
10,36
10,36
10,36
8,36
8,34
8,32
8,34
8,34
8,36
10,36
10,36
8,36
8,34
8,32
8,30
8,32
8,34
8,34
8,34
8,34
8,32
8,30
6,30
6,30
4,30
4,32
4,30
4,32
4,32
4,32
4,32
4,32
4,32
4,32
4,32
4,32
4,32
4,30
4,32
4,32
4,32
4,32
4,30
4,32
4,32
4,30
6,30
8,30
6,30
4,30
4,30
4,32
4,32
4,32
4,32
4,30
4,30
6,30
6,30
8,30
8,32
10,32
8,32
8,34
8,34
8,34
8,36
8,36
8,36
8,34
8,32
8,30
6,30
8,30
8,32
8,34
8,36
8,36
8,36
8,36
8,36
8,36
10,36
10,36
8,36
8,34
8,32
8,32
8,32
8,32
10,32
8,32
8,32
10,32
10,34
12,34
12,34
12,34
12,34
12,34
12,34
12,34
12,34
12,34
12,34
10,34
10,32
10,32
10,34
10,34
10,32
8,32
8,34
8,36
10,36
10,36
10,36
10,36
10,36
8,36
10,36
10,36
10,36
10,36
10,36
10,36
8,36
10,36
10,36
8,36
8,36
8,36
8,36
8,36
8,36
10,36
10,36
10,36
10,36
10,36
10,36
10,36
10,36
8,36
8,36
8,36
8,34
8,34
8,36
8,36
8,36
8,36
10,36
8,36
8,36
8,34
8,34
8,36
8,36
8,36
8,36
8,36
8,36
8,36
10,36
10,36
10,36
10,36
8,36
8,36
8,36
8,34
8,34
8,34
8,36
8,36
8,36
8,36
8,36
8,36
8,34
8,36
8,34
8,34
8,36
8,34
8,34
8,34
8,36
8,36
8,34
8,34
8,34
8,34
8,34
8,34
8,34
8,36
8,34
8,32
8,34
8,34
8,34
8,34
8,34
8,34
8,36
8,34
8,32
10,32
10,34
10,34
10,34
10,34
10,34
12,34
12,34
12,34
12,34
12,34
12,34
12,34
12,34
12,34
12,34
12,34
12,34
12,34
12,34
12,34
12,34
12,34
12,34
10,34
10,34
10,32
10,34
10,34
10,34
12,34
12,34
12,34
10,34
10,34
10,34
12,34
12,34
12,34
10,34
12,34
12,34
12,34
10,34
12,34
12,34
12,34
10,34
10,32
10,32
8,32
8,30
8,32
8,30
8,30
6,30
6,30
6,30
4,30
6,30
6,30
6,30
6,30
4,30
4,32
4,32
4,32
4,32
4,30
4,32
4,32
4,30
4,30
4,30
4,30
4,32
4,30
6,30
6,30
6,30
6,30
8,30
8,32
8,30
8,32
10,32
10,34
12,34
12,34
12,34
12,34
10,34
10,34
12,34
12,34
12,34
12,34
12,34
12,34
12,34
10,34
10,32
10,32
10,34
10,34
10,34
10,34
10,34
10,34
10,34
10,34
10,34
10,34
10,32
10,34
12,34
12,34
10,34
10,32
10,34
10,32
10,34
10,32
10,34
10,34
10,34
10,34
10,32
10,32
10,34
10,34
10,34
12,34
12,34
12,34
10,34
10,32
10,32
10,32
10,32
10,32
10,34
10,34
10,34
10,34
10,32
8,32
8,30
8,30
8,32
8,32
8,30
8,30
6,30
6,30
6,30
4,30
4,28
4,26
4,28
4,30
4,28
4,30
6,30
6,30
6,30
4,30
4,32
4,30
4,32
4,32
4,32
4,32
4,30
4,30
4,32
4,32
4,32
4,30
6,30
6,30
6,30
6,30
4,30
4,32
4,32
4,32
4,30
6,30
4,30
4,30
6,30
4,30
4,32
4,32
4,30
4,30
4,30
4,30
4,30
4,30
4,30
4,28
4,26
2,26
2,28
2,28
2,28
2,30
2,30
2,32
2,32
2,34
2,34
4,34
4,34
2,34
2,34
2,32
2,32
2,32
2,32
2,32
2,32
2,32
2,32
2,30
2,32
2,32
2,34
2,34
2,34
2,34
4,34
2,34
2,34
2,34
2,34
4,34
4,34
2,34
4,34
4,36
2,36
4,36
4,34
4,34
2,34
2,34
2,34
2,34
2,34
4,34
6,34
6,34
6,34
4,34
2,34
2,32
2,32
2,30
2,32
2,32
2,34
4,34
2,34
2,34
2,34
4,34
4,34
2,34
2,34
2,34
2,32
2,34
2,32
2,32
2,32
2,34
2,32
2,32
2,34
4,34
2,34
2,34
4,34
4,34
4,34
6,34
6,34
6,34
6,34
6,34
6,32
6,32
6,34
6,34
6,34
4,34
4,36
4,36
4,34
4,34
6,34
6,34
6,32
6,34
6,34
6,34
6,32
6,34
6,34
6,34
6,34
6,34
6,34
6,34
4,34
4,36
4,36
2,36
2,36
2,36
2,36
2,36
2,36
2,36
2,36
2,36
4,36
2,36
2,36
2,36
4,36
4,36
4,36
4,34
4,34
4,36
4,36
6,36
6,36
6,36
6,36
6,36
6,36
6,36
4,36
4,36
6,36
6,36
6,36
6,36
6,36
4,36
2,36
2,36
2,36
4,36
4,36
2,36
2,36
2,36
2,36
2,36
2,36
2,36
2,36
2,36
2,36
2,36
2,36
2,36
2,36
2,36
2,36
4,36
4,36
2,36
2,36
2,36
4,36
4,34
4,36
2,36
2,36
2,36
4,36
6,36
6,36
6,36
6,36
6,36
6,36
6,36
6,36
4,36
4,34
6,34
6,34
6,32
6,32
6,32
6,34
6,34
4,34
6,34
6,34
6,34
6,34
4,34
2,34
2,34
2,32
2,32
2,34
2,34
2,34
2,34
2,34
2,34
2,34
4,34
4,36
4,34
6,34
6,34
4,34
4,34
4,34
4,34
4,36
2,36
2,36
2,36
2,36
2,36
2,36
4,36
6,36
6,36
4,36
6,36
4,36
4,36
4,36
2,36
4,36
4,34
6,34
4,34
4,34
4,36
6,36
4,36
4,36
4,36
4,36
2,36
2,36
2,36
2,36
2,36
2,36
2,36
2,36
2,36
2,36
4,36
6,36
6,36
4,36
4,36
4,36
2,36
2,36
2,36
2,36
2,36
4,36
4,34
4,34
4,36
4,36
4,36
2,36
2,36
2,36
2,36
2,36
2,36
2,36
2,36
2,36
2,36
2,36
2,36
2,36
2,36
2,36
4,36
2,36
2,36
4,36
4,34
6,34
6,34
6,34
4,34
6,34
6,34
6,34
6,34
6,34
6,34
6,32
6,34
6,32
6,32
6,32
6,32
6,34
6,32
6,32
6,34
4,34
4,34
2,34
2,32
2,32
2,30
2,30
2,28
2,30
2,28
2,30
2,30
2,30
2,32
2,32
2,34
2,32
2,32
2,34
2,32
2,34
4,34
6,34
6,34
6,34
6,32
6,32
6,32
6,32
6,32
6,32
6,34
6,34
6,32
6,32
6,34
6,34
4,34
4,36
4,36
4,36
6,36
6,36
6,36
6,36
6,36
6,36
6,36
4,36
4,36
4,34
6,34
6,34
4,34
2,34
2,32
2,34
2,34
2,34
4,34
2,34
4,34
4,36
2,36
4,36
6,36
6,36
6,36
6,36
4,36
4,36
4,34
2,34
2,34
2,34
2,34
2,32
2,32
2,34
2,34
2,34
2,34
2,34
2,32
2,32
2,32
2,32
2,32
2,32
2,30
2,30
2,30
2,28
2,28
2,28
2,30
2,28
2,28
2,30
2,30
2,32
2,32
2,34
2,34
2,32
2,34
2,34
2,32
2,30
2,32
2,32
2,34
2,32
2,32
2,30
2,30
2,32
2,32
2,30
2,30
2,30
2,32
2,34
2,34
2,34
2,34
4,34
4,36
4,36
4,36
4,34
2,34
2,34
2,34
2,32
2,30
2,30
2,30
2,32
2,34
2,34
2,34
2,34
2,34
2,34
2,34
2,34
2,34
2,32
2,34
4,34
4,36
4,36
4,36
4,36
4,36
2,36
2,36
2,36
4,36
6,36
6,36
6,36
6,36
6,36
6,36
6,36
6,36
6,36
6,36
6,36
6,36
6,36
4,36
4,34
4,34
2,34
4,34
4,36
2,36
2,36
2,36
2,36
2,36
4,36
4,36
4,36
4,36
6,36
4,36
2,36
2,36
4,36
4,36
2,36
4,36
6,36
6,36
6,36
6,36
4,36
4,36
4,36
2,36
4,36
2,36
2,36
2,36
4,36
4,34
4,36
6,36
6,36
6,36
6,36
4,36
6,36
6,36
6,36
6,36
6,36
6,36
6,36
6,36
6,36
6,36
6,36
6,36
6,36
6,36
6,36
6,36
6,36
4,36
4,36
6,36
6,36
6,36
4,36
2,36
2,36
2,36
2,36
4,36
2,36
2,36
2,36
2,36
2,36
2,36
2,36
4,36
6,36
4,36
4,36
2,36
2,36
2,36
4,36
6,36
4,36
6,36
4,36
6,36
6,36
4,36
2,36
4,36
2,36
2,36
2,36
2,36
2,36
2,36
2,36
2,36
2,36
4,36
6,36
6,36
4,36
6,36
6,36
4,36
2,36
2,36
2,36
2,36
2,36
2,36
2,36
2,36
2,36
4,36
4,34
4,36
4,36
4,34
4,36
2,36
4,36
4,34
4,34
6,34
6,32
6,32
6,32
6,32
6,32
6,32
6,32
6,32
6,32
6,32
6,32
6,32
6,32
6,32
6,32
6,32
6,32
6,32
6,32
6,32
6,32
6,32
6,32
6,32
6,32
6,32
6,34
4,34
4,36
2,36
2,36
2,36
2,36
2,36
4,36
2,36
2,36
4,36
4,36
2,36
4,36
4,36
2,36
4,36
4,36
4,36
4,36
4,36
2,36
2,36
4,36
4,36
4,34
2,34
2,32
2,34
2,34
4,34
6,34
6,32
6,32
6,32
6,32
6,32
6,34
6,34
6,32
6,32
6,32
6,32
6,32
6,32
6,34
6,34
6,34
6,34
6,34
4,34
6,34
6,34
6,34
6,34
6,32
6,32
6,32
6,34
6,34
6,32
6,32
6,32
6,32
6,32
6,32
6,32
6,32
6,32
6,32
6,32
6,32
6,34
6,34
4,34
6,34
6,34
6,34
6,32
6,34
6,32
6,32
6,34
6,32
6,32
6,32
6,34
4,34
2,34
2,34
4,34
4,34
4,34
6,34
6,34
4,34
4,36
4,34
2,34
2,34
2,32
2,32
2,30
2,32
2,32
2,32
2,32
2,32
2,32
2,32
2,34
2,34
2,34
2,34
2,34
4,34
4,36
4,34
6,34
6,32
6,32
6,32
6,32
6,32
6,34
4,34
6,34
6,34
6,34
6,32
6,32
6,32
6,32
6,32
6,34
6,32
6,32
6,34
6,34
6,34
6,32
6,34
4,34
4,36
6,36
6,36
6,36
6,36
6,36
6,36
6,36
6,36
6,36
6,36
6,36
4,36
4,36
2,36
2,36
2,36
2,36
2,36
4,36
4,36
4,36
2,36
2,36
2,36
2,36
2,36
2,36
2,36
2,36
2,36
2,36
2,36
2,36
4,36
4,36
2,36
2,36
2,36
2,36
2,36
4,36
4,34
6,34
6,34
4,34
4,34
4,34
4,36
4,34
2,34
2,32
2,34
4,34
6,34
4,34
6,34
6,34
6,32
6,32
6,32
6,32
6,32
6,32
6,34
6,34
6,34
6,34
6,34
6,32
6,32
6,34
6,34
4,34
6,34
6,34
6,34
4,34
4,36
6,36
6,36
6,36
6,36
6,36
6,36
6,36
6,36
6,36
6,36
4,36
2,36
2,36
2,36
2,36
2,36
2,36
4,36
6,36
6,36
6,36
6,36
6,36
4,36
6,36
6,36
6,36
4,36
4,34
4,36
4,34
2,34
2,34
4,34
4,36
4,34
2,34
4,34
6,34
6,34
6,32
6,34
6,34
6,34
6,34
6,34
6,34
6,34
4,34
4,36
6,36
6,36
6,36
6,36
6,36
4,36
4,34
2,34
2,34
2,34
2,34
2,34
2,34
2,34
2,34
2,32
2,32
2,32
2,32
2,32
2,32
2,32
2,32
2,32
2,32
2,32
2,30
2,30
2,32
2,30
2,28
2,30
2,30
2,30
2,30
2,30
2,32
2,30
2,28
2,26
2,28
2,28
2,30
2,30
2,28
2,26
2,26
4,26
2,26
2,26
2,26
2,26
2,26
2,28
2,30
2,32
2,34
4,34
6,34
6,34
6,32
6,32
6,34
6,34
6,32
6,32
6,32
6,34
6,34
6,34
6,32
6,34
6,34
6,34
6,34
6,34
6,34
6,34
6,34
4,34
4,36
2,36
2,36
2,36
2,36
2,36
4,36
4,36
4,36
6,36
6,36
6,36
6,36
4,36
4,34
2,34
2,34
4,34
4,36
6,36
6,36
6,36
4,36
2,36
2,36
4,36
4,36
2,36
2,36
2,36
4,36
4,34
2,34
2,32
2,34
2,32
2,32
2,32
2,34
2,32
2,30
2,30
2,30
2,32
2,32
2,34
4,34
2,34
4,34
4,36
2,36
2,36
2,36
2,36
2,36
2,36
2,36
2,36
4,36
4,36
4,36
4,34
6,34
6,34
4,34
6,34
6,34
6,34
6,34
4,34
2,34
2,34
2,34
2,34
2,34
4,34
4,36
2,36
4,36
4,34
4,36
2,36
2,36
4,36
4,34
4,34
2,34
2,32
2,34
2,32
2,32
2,30
2,30
2,28
2,26
2,26
2,26
2,26
2,26
2,28
2,30
2,28
2,30
2,28
2,26
4,26
4,28
4,26
2,26
2,26
2,28
2,28
2,28
2,26
2,28
2,26
2,28
2,28
2,28
2,30
2,32
2,32
2,34
2,34
2,34
2,34
2,34
4,34
6,34
6,34
6,34
4,34
6,34
6,32
6,34
6,34
6,32
6,32
6,34
6,34
4,34
4,36
2,36
2,36
4,36
2,36
2,36
2,36
2,36
2,36
2,36
2,36
2,36
2,36
2,36
2,36
2,36
2,36
2,36
2,36
2,36
2,36
2,36
4,36
6,36
6,36
6,36
6,36
6,36
4,36
2,36
2,36
2,36
4,36
4,36
4,34
2,34
2,34
2,34
2,34
2,32
2,32
2,30
2,32
2,32
2,32
2,30
2,30
2,30
2,30
2,28
2,30
2,30
2,28
2,30
2,30
2,28
2,28
2,28
2,26
2,26
2,28
2,28
2,30
2,30
2,30
2,30
2,30
2,30
2,30
2,30
2,30
2,32
2,34
4,34
6,34
6,34
4,34
4,36
2,36
2,36
2,36
2,36
2,36
4,36
6,36
4,36
2,36
2,36
4,36
4,34
4,34
4,34
2,34
4,34
2,34
2,34
2,34
4,34
4,34
4,36
6,36
6,36
6,36
4,36
6,36
6,36
6,36
4,36
4,34
6,34
6,34
4,34
6,34
6,32
6,34
6,34
6,34
6,34
4,34
4,34
4,36
4,34
2,34
2,34
2,34
2,34
2,34
2,32
2,32
2,34
2,32
2,34
2,34
2,32
2,32
2,32
2,32
2,34
2,34
2,32
2,34
2,34
2,32
2,32
2,34
4,34
2,34
2,34
2,32
2,32
2,32
2,32
2,34
4,34
2,34
2,32
2,32
2,32
2,34
2,34
2,32
2,32
2,32
2,32
2,30
2,30
2,30
2,28
2,26
4,26
4,28
4,28
4,30
4,28
4,26
4,28
4,26
2,26
4,26
2,26
2,26
2,26
2,26
2,26
4,26
6,26
6,26
4,26
4,28
4,28
4,30
6,30
6,30
6,30
6,30
6,30
4,30
4,32
4,32
4,32
4,32
4,32
4,32
4,30
4,30
4,28
4,28
4,26
6,26
6,26
8,26
6,26
4,26
6,26
6,26
8,26
8,26
8,24
8,24
8,22
8,22
10,22
10,22
8,22
10,22
10,22
10,22
10,20
10,20
10,20
10,22
10,20
10,20
10,22
10,22
10,22
10,22
8,22
8,24
8,22
6,22
6,22
6,22
4,22
4,24
4,24
4,24
4,24
4,24
4,22
6,22
6,24
6,24
6,24
6,24
6,22
6,22
6,24
6,24
6,24
6,24
6,24
6,24
6,22
6,22
6,24
6,24
6,24
6,22
4,22
6,22
6,24
6,24
6,24
6,24
6,24
6,22
4,22
4,22
4,24
4,22
4,24
4,24
4,24
4,24
4,24
4,22
4,24
4,24
4,24
4,24
4,24
4,24
4,24
4,24
4,22
4,24
4,24
4,24
4,24
4,24
4,24
4,22
4,22
6,22
6,22
6,22
6,24
6,24
6,24
6,24
6,22
6,24
6,24
6,24
6,24
6,24
6,24
6,24
6,24
6,24
6,24
6,24
6,22
4,22
6,22
8,22
10,22
10,22
10,22
10,22
10,22
10,22
8,22
8,24
8,26
6,26
4,26
4,26
2,26
2,26
2,26
2,26
4,26
4,28
4,26
4,28
4,26
4,26
6,26
6,26
4,26
4,28
4,30
4,28
4,28
4,28
4,26
6,26
6,26
6,26
8,26
8,26
6,26
4,26
2,26
2,26
2,28
2,30
2,30
2,30
2,30
2,30
2,32
2,32
2,30
2,28
2,30
2,30
2,32
2,32
2,32
2,32
2,32
2,34
2,34
2,34
2,34
4,34
4,36
6,36
6,36
6,36
6,36
4,36
6,36
6,36
6,36
6,36
6,36
4,36
4,36
4,36
4,34
4,36
6,36
6,36
4,36
4,34
4,36
6,36
6,36
4,36
4,34
6,34
6,34
6,34
4,34
6,34
6,34
6,34
6,34
6,32
6,32
6,32
6,32
6,32
6,34
4,34
2,34
2,34
2,34
2,34
2,34
2,34
2,34
4,34
6,34
6,34
6,32
6,32
6,34
6,34
6,34
6,34
6,34
6,34
6,34
6,34
6,34
6,34
6,34
6,34
6,34
6,34
6,34
6,34
6,34
6,34
4,34
2,34
2,32
2,34
2,32
2,32
2,34
2,32
2,32
2,34
4,34
4,36
6,36
6,36
6,36
6,36
6,36
6,36
6,36
6,36
6,36
6,36
6,36
6,36
6,36
6,36
4,36
2,36
2,36
2,36
2,36
4,36
6,36
4,36
2,36
2,36
4,36
4,36
4,36
6,36
6,36
6,36
6,36
4,36
2,36
2,36
2,36
2,36
4,36
4,36
4,34
6,34
6,32
6,32
6,32
6,32
6,32
6,34
4,34
4,36
4,34
4,34
6,34
6,34
6,32
6,34
6,32
6,32
6,32
6,32
6,32
6,34
6,34
4,34
2,34
2,34
2,32
2,32
2,32
2,34
2,34
2,32
2,34
2,32
2,32
2,32
2,30
2,28
2,26
2,26
2,28
2,28
2,30
2,32
2,32
2,34
4,34
4,36
2,36
2,36
4,36
4,36
4,36
6,36
6,36
6,36
6,36
6,36
6,36
4,36
4,36
2,36
2,36
4,36
2,36
4,36
4,34
2,34
2,34
2,34
2,34
2,34
2,34
2,32
2,32
2,34
2,34
2,34
2,34
2,32
2,30
2,28
2,26
2,26
2,26
2,26
2,28
2,28
2,28
2,26
4,26
6,26
4,26
4,28
4,30
4,28
4,28
4,30
4,32
4,32
4,32
4,32
4,32
4,32
4,32
4,32
4,32
4,32
4,32
4,32
4,30
4,30
6,30
6,30
6,30
4,30
4,30
4,32
4,32
4,32
4,32
4,32
4,30
4,32
4,32
4,32
4,32
4,32
4,32
4,32
4,32
4,32
4,32
4,30
6,30
6,30
6,30
6,30
4,30
4,32
4,32
4,32
4,32
4,32
4,32
4,32
4,32
4,32
4,30
6,30
6,30
6,30
4,30
4,32
4,32
4,32
4,32
4,30
4,28
4,28
4,30
4,30
6,30
6,30
6,30
8,30
8,32
8,34
8,34
8,34
8,36
8,36
8,34
8,36
8,36
10,36
10,36
10,36
10,36
10,36
10,36
10,36
10,36
10,36
10,36
10,36
10,36
8,36
8,36
10,36
10,36
10,36
10,36
8,36
8,36
8,36
8,36
8,36
8,36
8,36
8,36
10,36
10,36
10,36
8,36
8,34
8,32
8,30
8,32
8,32
8,34
8,34
8,32
8,34
8,34
8,32
8,32
10,32
10,34
10,32
10,32
10,34
12,34
10,34
12,34
12,34
12,34
12,34
12,34
10,34
10,34
10,34
12,34
12,34
12,34
12,34
12,34
12,34
10,34
10,32
10,32
10,32
10,32
8,32
8,34
8,34
8,36
8,34
8,34
8,34
8,34
8,34
8,34
8,34
8,34
8,34
8,36
8,36
10,36
8,36
8,36
8,34
8,32
10,32
10,34
10,32
8,32
8,34
8,34
8,34
8,36
10,36
10,36
10,36
10,36
10,36
10,36
10,36
8,36
8,34
8,34
8,36
8,36
8,36
8,34
8,34
8,34
8,34
8,34
8,34
8,36
8,36
8,36
8,36
8,36
8,34
8,32
8,32
8,30
8,30
8,32
10,32
8,32
8,34
8,34
8,34
8,32
8,30
6,30
6,30
8,30
8,30
6,30
6,30
6,30
4,30
4,28
4,28
4,30
6,30
8,30
8,30
8,30
8,30
6,30
8,30
8,32
8,34
8,32
10,32
10,32
10,32
10,34
10,32
10,32
8,32
8,30
8,30
8,30
8,30
8,32
8,32
8,34
8,36
8,34
8,34
8,34
8,34
8,34
8,32
8,32
8,30
8,32
8,32
10,32
8,32
8,34
8,36
8,36
8,36
10,36
10,36
10,36
10,36
10,36
10,36
10,36
10,36
10,36
10,36
10,36
10,36
10,36
10,36
8,36
8,36
8,36
10,36
8,36
8,34
8,32
8,32
8,30
6,30
4,30
6,30
6,30
8,30
8,32
8,34
8,34
8,36
8,36
10,36
8,36
8,34
8,34
8,34
8,34
8,32
10,32
8,32
8,32
8,34
8,34
8,34
8,34
8,32
8,34
8,34
8,34
8,34
8,32
8,32
8,32
8,34
8,34
8,32
8,30
8,30
8,30
8,32
10,32
10,32
10,32
8,32
10,32
8,32
8,30
8,30
8,32
8,30
8,30
8,32
8,34
8,36
8,34
8,34
8,36
8,34
8,36
10,36
8,36
10,36
8,36
10,36
10,36
10,36
10,36
10,36
8,36
8,34
8,34
8,34
8,34
8,34
8,34
8,32
10,32
8,32
8,30
8,30
8,30
8,32
10,32
10,32
10,32
10,32
10,32
10,34
10,34
10,34
10,34
12,34
10,34
10,32
10,32
10,32
10,32
10,34
10,34
12,34
12,34
12,34
12,34
12,34
12,34
10,34
12,34
12,34
12,34
12,34
12,34
12,34
12,34
12,34
12,34
10,34
12,34
12,34
12,34
12,34
12,34
12,34
12,34
12,34
10,34
10,32
10,32
10,32
10,32
10,32
8,32
8,34
8,32
8,34
8,34
8,34
8,34
8,34
8,36
8,36
8,36
8,36
8,36
8,36
10,36
8,36
8,34
8,34
8,36
8,34
8,34
8,36
10,36
10,36
10,36
10,36
8,36
10,36
10,36
10,36
10,36
8,36
8,34
8,34
8,32
8,30
8,32
8,34
8,32
10,32
10,32
10,34
12,34
10,34
10,34
10,34
10,34
10,34
10,34
10,32
8,32
8,34
8,36
10,36
10,36
8,36
8,36
8,36
8,36
8,36
8,36
8,36
10,36
10,36
10,36
8,36
8,36
8,36
8,36
8,36
8,36
8,36
10,36
10,36
10,36
10,36
8,36
8,36
8,34
8,36
10,36
8,36
8,36
8,34
8,36
8,36
8,34
8,34
8,34
8,34
8,32
8,34
8,34
8,36
8,36
10,36
8,36
10,36
10,36
10,36
8,36
10,36
10,36
10,36
8,36
8,34
8,36
8,36
8,34
8,36
8,36
8,36
8,34
8,34
8,36
10,36
10,36
8,36
8,36
10,36
10,36
10,36
10,36
10,36
8,36
10,36
10,36
10,36
10,36
10,36
10,36
10,36
10,36
10,36
10,36
10,36
10,36
10,36
10,36
8,36
8,34
8,36
10,36
10,36
8,36
8,34
8,36
8,34
8,34
8,34
8,34
8,34
8,36
8,34
8,36
8,36
8,34
8,36
8,36
8,36
10,36
10,36
8,36
10,36
10,36
10,36
8,36
8,34
8,36
8,36
8,34
8,34
8,34
8,34
8,34
8,34
8,36
8,34
8,32
10,32
10,34
12,34
12,34
12,34
12,34
12,34
12,34
12,34
10,34
10,34
10,34
10,32
10,32
10,34
10,34
10,32
10,32
10,34
10,32
10,34
10,32
8,32
8,34
8,36
10,36
10,36
10,36
10,36
10,36
10,36
8,36
10,36
10,36
10,36
10,36
8,36
8,36
8,36
8,36
8,34
8,34
8,34
8,36
8,36
8,36
10,36
8,36
10,36
8,36
8,36
8,34
8,34
8,34
8,34
8,32
10,32
8,32
8,32
8,30
8,30
6,30
6,30
8,30
8,32
8,34
8,34
8,34
8,32
8,32
8,32
10,32
8,32
10,32
8,32
8,34
8,34
8,36
8,34
8,32
8,34
8,36
8,36
8,36
8,34
8,34
8,32
10,32
8,32
8,34
8,34
8,34
8,34
8,34
8,34
8,36
8,36
8,36
10,36
10,36
10,36
8,36
8,36
8,36
10,36
10,36
10,36
10,36
10,36
10,36
10,36
8,36
8,36
8,36
10,36
10,36
10,36
10,36
10,36
10,36
10,36
10,36
10,36
10,36
10,36
10,36
10,36
10,36
10,36
10,36
10,36
10,36
10,36
10,36
8,36
8,34
8,34
8,34
8,34
8,36
8,36
8,36
8,36
8,36
8,36
8,36
8,36
10,36
8,36
8,36
8,34
8,36
8,36
8,34
8,34
8,36
10,36
10,36
8,36
8,36
8,34
8,36
8,36
10,36
10,36
8,36
10,36
10,36
10,36
8,36
10,36
8,36
8,34
8,36
8,34
8,34
8,32
8,34
8,36
8,36
8,36
8,36
8,36
8,36
10,36
10,36
10,36
10,36
8,36
8,36
8,36
10,36
8,36
10,36
8,36
8,36
8,34
8,34
8,32
8,30
8,30
8,30
6,30
8,30
8,30
8,30
8,30
6,30
6,30
6,30
4,30
4,28
4,30
6,30
4,30
4,30
4,32
4,30
4,30
6,30
4,30
4,30
4,32
4,32
4,30
4,30
6,30
6,30
4,30
4,32
4,32
4,32
4,32
4,32
4,32
4,32
4,32
4,32
4,32
4,32
4,32
4,32
4,32
4,30
4,28
4,28
4,28
4,26
2,26
2,26
2,26
2,26
2,26
2,26
2,26
2,26
2,26
2,26
2,26
4,26
4,28
4,28
4,28
4,26
6,26
6,26
8,26
8,24
8,22
10,22
10,22
10,20
10,20
10,20
12,20
10,20
10,22
10,22
10,22
10,22
10,22
8,22
10,22
10,22
8,22
8,24
8,26
8,26
8,26
6,26
6,26
8,26
8,24
8,26
8,26
8,24
8,26
8,26
8,24
8,26
8,24
8,24
8,26
8,26
8,26
8,24
8,24
8,26
6,26
8,26
8,26
8,26
6,26
6,26
6,26
6,26
6,26
6,26
6,26
6,26
4,26
4,26
6,26
4,26
2,26
2,28
2,28
2,28
2,26
2,28
2,26
2,28
2,30
2,32
2,34
2,32
2,32
2,34
2,32
2,32
2,30
2,28
2,28
2,30
2,30
2,30
2,30
2,32
2,32
2,32
2,32
2,32
2,32
2,32
2,32
2,32
2,32
2,34
2,32
2,34
2,34
2,34
2,34
2,34
2,32
2,32
2,32
2,32
2,32
2,34
2,34
2,34
2,34
2,34
2,34
4,34
4,36
2,36
2,36
2,36
2,36
4,36
2,36
4,36
6,36
6,36
6,36
4,36
2,36
4,36
2,36
2,36
2,36
2,36
2,36
2,36
2,36
2,36
2,36
2,36
2,36
4,36
2,36
4,36
4,36
4,34
4,36
2,36
4,36
4,36
4,34
4,34
6,34
6,34
6,34
6,32
6,34
6,32
6,34
4,34
2,34
2,34
2,32
2,34
2,34
2,32
2,30
2,30
2,32
2,30
2,30
2,32
2,32
2,32
2,34
2,34
4,34
6,34
6,34
6,34
4,34
2,34
4,34
4,34
2,34
2,34
2,34
2,32
2,34
2,34
2,34
2,32
2,32
2,32
2,30
2,30
2,28
2,30
2,30
2,30
2,28
2,28
2,30
2,32
2,32
2,32
2,34
4,34
2,34
4,34
4,34
2,34
2,32
2,30
2,30
2,30
2,28
2,26
2,26
2,26
2,26
2,28
2,28
2,26
4,26
2,26
2,26
2,26
2,26
2,28
2,26
2,26
4,26
4,26
4,28
4,28
4,26
4,26
2,26
2,28
2,26
4,26
6,26
6,26
8,26
8,24
10,24
8,24
8,26
8,26
8,24
10,24
12,24
12,24
10,24
10,26
10,28
10,26
10,26
10,24
8,24
8,22
8,24
8,24
8,26
8,24
8,22
6,22
4,22
4,22
6,22
6,24
6,24
6,24
6,24
6,24
6,24
6,24
6,22
6,22
6,22
8,22
8,22
8,24
8,22
10,22
10,22
10,22
10,22
10,22
10,20
10,22
10,22
10,22
10,22
10,20
12,20
12,20
10,20
10,22
10,20
10,20
10,22
10,20
10,22
10,22
10,22
10,20
10,22
8,22
10,22
10,22
10,20
10,20
10,20
12,20
12,20
12,22
12,20
12,20
12,22
12,22
12,20
10,20
10,22
8,22
10,22
10,20
10,20
12,20
12,22
12,22
12,22
12,22
12,22
12,22
12,22
12,22
12,22
12,22
12,22
12,22
12,22
12,20
12,22
12,22
12,22
12,22
12,22
12,22
12,20
10,20
10,22
10,22
8,22
8,22
8,24
10,24
10,26
10,28
8,28
10,28
10,26
10,28
10,30
10,28
10,28
10,30
10,30
10,30
10,28
10,26
10,24
12,24
12,26
12,26
12,24
12,26
12,24
12,24
12,24
12,26
12,24
12,24
12,24
12,24
12,24
10,24
12,24
12,24
10,24
8,24
8,26
8,26
8,26
8,26
8,26
6,26
4,26
4,26
4,26
2,26
2,26
2,28
2,28
2,28
2,30
2,32
2,32
2,34
2,32
2,32
2,34
2,34
2,34
2,34
4,34
2,34
4,34
4,36
2,36
2,36
4,36
4,36
6,36
6,36
6,36
6,36
6,36
4,36
6,36
6,36
6,36
6,36
6,36
6,36
6,36
6,36
6,36
6,36
6,36
6,36
6,36
6,36
6,36
6,36
6,36
4,36
4,36
6,36
4,36
4,36
4,36
2,36
2,36
2,36
2,36
2,36
2,36
2,36
2,36
2,36
2,36
2,36
4,36
4,34
4,36
4,36
2,36
2,36
4,36
4,34
2,34
4,34
4,34
4,34
4,36
4,36
4,36
4,34
4,36
4,36
2,36
2,36
2,36
2,36
4,36
2,36
2,36
2,36
2,36
2,36
2,36
4,36
6,36
6,36
4,36
2,36
2,36
2,36
2,36
4,36
6,36
4,36
2,36
2,36
2,36
4,36
4,36
4,34
6,34
6,34
4,34
4,36
4,36
2,36
2,36
2,36
2,36
2,36
2,36
2,36
2,36
2,36
4,36
4,34
4,34
4,36
4,34
4,36
4,34
6,34
6,34
6,34
6,34
6,32
6,34
6,34
4,34
6,34
4,34
6,34
4,34
6,34
6,34
4,34
4,34
4,36
6,36
6,36
4,36
2,36
2,36
2,36
4,36
4,36
4,36
4,34
4,34
6,34
6,34
6,32
6,32
6,34
6,34
6,34
6,32
6,32
6,34
6,32
6,34
4,34
6,34
4,34
2,34
2,34
2,34
2,34
2,34
2,32
2,30
2,28
2,28
2,26
2,28
2,30
2,30
2,32
2,30
2,28
2,28
2,30
2,28
2,28
2,26
2,28
2,28
2,28
2,26
4,26
6,26
4,26
2,26
2,28
2,26
4,26
4,28
4,28
4,28
4,26
4,26
4,28
4,28
4,30
4,28
4,28
4,26
2,26
4,26
6,26
6,26
8,26
8,26
8,26
6,26
6,26
8,26
8,24
8,26
8,26
6,26
8,26
6,26
6,26
4,26
6,26
6,26
6,26
6,26
8,26
8,26
8,24
8,24
8,24
8,24
10,24
10,24
8,24
8,22
8,24
8,26
8,24
8,26
6,26
8,26
8,26
8,26
8,26
8,24
10,24
10,26
10,26
10,28
10,28
8,28
8,28
8,28
8,28
8,28
8,28
8,28
6,28
8,28
10,28
10,30
10,30
10,28
10,26
10,28
10,28
8,28
6,28
6,28
6,28
6,28
6,28
8,28
6,28
6,28
6,28
8,28
8,28
10,28
10,26
10,28
10,28
10,30
10,28
10,28
10,28
10,30
10,30
10,30
10,30
12,30
12,30
12,30
12,30
12,32
14,32
14,32
14,30
16,30
16,30
14,30
16,30
16,30
16,30
16,32
16,32
16,34
16,36
16,36
16,38
16,40
18,40
16,40
18,40
18,40
16,40
16,42
16,42
16,42
16,42
16,42
16,42
16,42
16,42
16,42
18,42
18,42
18,42
16,42
16,42
16,42
18,42
18,42
18,42
18,42
18,42
18,42
18,42
16,42
16,42
16,42
16,42
16,42
18,42
18,42
18,42
18,42
18,42
18,42
18,42
18,42
18,42
18,42
18,42
18,42
18,42
18,42
18,42
18,42
18,42
18,42
18,42
18,42
18,42
18,42
18,42
18,42
16,42
16,40
16,38
16,40
16,42
16,42
16,40
16,42
16,42
16,42
18,42
18,42
18,42
16,42
16,40
16,38
16,36
14,36
14,34
14,34
14,34
14,34
14,34
14,36
12,36
12,38
10,38
10,40
10,42
10,42
10,42
10,42
10,42
10,42
10,42
10,40
10,40
10,40
10,40
10,38
12,38
12,40
12,42
12,42
12,42
12,42
12,42
12,40
12,40
12,40
12,38
12,36
14,36
16,36
16,36
16,36
14,36
14,38
14,38
14,38
14,36
12,36
14,36
12,36
12,36
12,38
12,40
12,42
12,44
12,42
12,42
12,40
12,40
12,40
12,38
12,38
12,36
12,36
12,36
12,38
12,38
12,36
12,38
12,40
12,42
12,42
12,42
12,42
12,40
12,38
12,40
12,42
12,40
12,42
12,40
12,42
12,42
12,40
12,40
12,40
12,40
12,40
12,38
10,38
10,40
10,40
10,40
10,38
10,40
10,40
10,40
10,42
10,42
10,40
10,40
10,40
10,38
10,38
10,40
10,38
10,40
10,38
10,38
10,40
10,40
10,40
10,42
10,42
10,42
10,42
10,40
10,38
8,38
10,38
10,40
10,42
10,42
10,42
10,42
10,42
10,42
10,42
10,42
10,42
10,40
10,42
10,42
10,42
10,42
10,42
10,42
10,40
10,40
10,42
10,42
10,42
10,40
10,38
12,38
12,40
12,40
12,42
12,44
14,44
14,44
12,44
12,44
12,44
12,44
12,44
12,42
12,44
12,44
12,44
12,44
14,44
12,44
12,44
12,44
12,44
12,44
12,44
14,44
12,44
14,44
14,44
14,44
14,44
14,44
14,44
14,44
12,44
12,44
12,44
12,42
12,42
12,44
12,44
14,44
14,44
12,44
12,42
12,42
12,42
12,42
12,40
12,38
12,40
12,42
12,42
12,40
12,42
12,42
12,44
14,44
14,44
14,44
12,44
12,44
12,44
14,44
14,44
14,44
14,44
12,44
12,44
14,44
12,44
14,44
14,44
12,44
12,44
12,44
12,42
12,42
12,42
12,42
12,44
12,42
12,40
12,40
12,40
12,42
12,42
12,42
12,44
12,44
12,44
14,44
12,44
12,44
12,44
12,44
14,44
14,44
14,44
14,44
14,44
12,44
12,44
12,42
12,44
12,44
12,42
12,40
12,40
12,42
12,42
12,42
12,44
14,44
14,44
14,44
14,44
14,44
14,44
14,44
14,44
14,44
14,44
14,44
14,44
14,44
14,44
12,44
12,44
12,44
12,44
12,42
12,44
12,42
12,42
12,44
14,44
14,44
14,44
14,44
12,44
14,44
14,44
14,44
14,44
14,44
12,44
12,44
12,42
12,42
12,42
12,42
12,44
12,42
12,42
12,40
12,40
12,40
12,38
12,40
12,40
12,40
12,42
12,42
12,42
12,40
12,40
12,38
12,40
12,40
12,40
12,38
12,36
12,38
12,40
12,38
12,40
12,40
12,40
12,40
12,38
12,40
12,40
12,42
12,42
12,42
12,44
12,44
12,44
12,42
12,42
12,42
12,40
12,40
12,40
12,40
12,40
12,38
12,38
12,38
12,40
12,38
12,40
12,40
12,42
12,44
12,44
12,44
12,44
12,42
12,42
12,42
12,42
12,44
14,44
14,44
14,44
14,44
14,44
14,44
14,44
12,44
14,44
14,44
14,44
14,44
14,44
12,44
12,42
12,44
14,44
14,44
14,44
12,44
14,44
14,44
12,44
12,44
12,42
12,42
12,40
12,42
12,42
12,40
12,38
12,36
12,36
12,38
12,40
12,40
12,40
12,38
12,38
12,40
12,40
12,40
12,40
12,42
12,42
12,44
14,44
14,44
14,44
12,44
12,44
14,44
14,44
12,44
12,42
12,44
12,42
12,42
12,42
12,42
12,42
12,44
14,44
12,44
12,44
12,44
12,44
14,44
14,44
14,44
14,44
14,44
14,44
14,44
14,44
14,44
14,44
14,44
14,44
14,44
14,44
14,44
14,44
14,44
14,44
14,44
14,44
12,44
14,44
14,44
14,44
14,44
14,44
14,44
14,44
14,44
12,44
14,44
14,44
14,44
14,44
14,44
12,44
12,42
12,44
12,42
12,44
12,42
12,44
12,44
14,44
14,44
14,44
14,44
14,44
14,44
14,44
14,44
14,44
14,44
14,44
14,44
12,44
12,44
12,44
12,44
12,42
12,42
12,40
12,40
12,42
12,42
12,42
12,40
12,40
12,42
12,40
12,40
12,40
12,42
12,40
12,38
10,38
12,38
10,38
12,38
12,40
12,38
10,38
10,40
10,40
10,40
10,40
10,40
10,40
10,40
10,42
10,42
10,40
10,40
10,42
10,40
10,38
10,38
12,38
12,40
12,42
12,42
12,42
12,44
12,44
12,44
14,44
14,44
14,44
12,44
12,44
12,44
12,44
12,42
12,44
14,44
14,44
14,44
14,44
12,44
14,44
12,44
12,44
12,44
12,44
12,42
12,44
12,44
14,44
14,44
14,44
14,44
14,44
14,44
14,44
12,44
12,42
12,44
12,44
12,42
12,42
12,44
12,42
12,44
14,44
14,44
14,44
14,44
14,44
14,44
14,44
14,44
14,44
14,44
14,44
14,44
12,44
12,44
12,44
12,44
12,44
12,42
12,40
12,42
12,42
12,42
12,42
12,42
12,44
12,44
14,44
14,44
14,44
14,44
14,44
14,44
12,44
12,42
12,40
12,42
12,40
12,40
12,42
12,40
12,42
12,42
12,42
12,42
12,44
14,44
14,44
14,44
14,44
12,44
12,44
14,44
14,44
14,44
14,44
12,44
14,44
14,44
14,44
14,44
14,44
14,44
14,44
14,44
14,44
12,44
12,44
12,44
12,42
12,44
12,44
12,42
12,42
12,40
12,38
10,38
12,38
10,38
8,38
8,38
8,40
6,40
6,40
6,38
6,40
4,40
4,40
4,40
4,40
6,40
6,40
6,38
6,40
4,40
6,40
8,40
8,38
8,40
6,40
6,38
6,40
6,38
6,40
8,40
8,42
8,42
8,42
8,42
8,40
8,38
8,38
8,38
8,38
10,38
10,38
10,38
8,38
8,38
10,38
8,38
8,40
6,40
4,40
4,40
4,40
4,40
6,40
4,40
4,40
4,40
4,40
4,40
4,40
4,40
4,40
4,40
4,40
4,40
4,40
4,40
6,40
8,40
8,38
8,38
8,40
8,42
8,42
8,42
8,42
8,42
8,42
8,40
6,40
4,40
4,40
4,40
4,40
4,40
4,40
4,40
6,40
6,40
8,40
8,38
10,38
8,38
8,40
8,38
10,38
8,38
8,40
8,40
6,40
8,40
8,40
8,42
8,42
8,42
8,42
8,40
8,40
6,40
6,40
4,40
4,40
4,40
6,40
4,40
4,40
4,40
4,40
4,40
6,40
4,40
6,40
8,40
6,40
4,40
4,40
4,40
4,40
4,40
4,40
6,40
8,40
8,42
8,42
8,42
8,42
8,42
8,42
8,40
8,42
8,42
8,42
8,42
8,42
8,40
8,38
10,38
10,40
10,40
10,40
10,42
10,42
10,40
10,40
10,42
10,42
10,42
10,40
10,40
10,38
12,38
10,38
12,38
12,40
12,40
12,40
12,40
12,42
12,42
12,42
12,42
12,42
12,40
12,40
12,42
12,44
12,44
12,44
12,44
12,44
12,44
12,44
12,44
12,42
12,42
12,42
12,42
12,40
12,40
12,40
12,40
12,42
12,42
12,42
12,42
12,44
12,44
12,44
12,44
12,44
12,42
12,42
12,42
12,40
12,42
12,42
12,40
12,40
12,40
12,38
10,38
12,38
12,36
14,36
12,36
14,36
14,38
14,38
14,38
14,36
14,34
14,36
16,36
16,34
16,32
16,32
16,32
16,30
14,30
14,30
16,30
16,30
16,32
16,30
14,30
14,30
16,30
16,32
16,32
16,32
16,34
16,34
16,34
16,36
16,38
16,38
16,38
16,36
16,38
16,36
16,38
16,38
16,38
16,38
16,38
16,40
14,40
14,42
14,42
14,42
14,42
14,42
14,42
14,42
14,42
14,42
14,42
14,42
14,42
14,42
14,40
14,42
14,42
14,42
14,42
14,42
14,42
14,42
14,42
14,40
16,40
18,40
18,38
18,36
18,36
18,36
18,36
18,38
18,36
18,38
18,38
18,38
18,38
18,38
18,38
18,38
18,38
18,38
18,38
18,38
18,36
18,36
18,36
18,36
18,38
18,40
16,40
18,40
18,40
16,40
16,42
18,42
18,42
18,42
18,42
16,42
16,42
16,40
16,38
16,36
16,36
16,36
16,38
16,38
16,38
16,38
16,38
16,38
16,38
16,38
16,38
16,36
16,36
16,38
16,38
16,38
16,40
14,40
14,42
14,42
14,42
14,42
14,42
14,40
14,40
16,40
16,38
16,38
16,40
18,40
18,40
18,40
18,40
18,38
18,40
18,40
18,40
18,38
18,38
18,38
18,36
18,38
18,38
18,38
18,40
16,40
16,42
16,42
18,42
18,42
18,42
18,42
16,42
16,40
18,40
18,40
18,38
18,40
16,40
14,40
16,40
18,40
18,40
16,40
18,40
18,40
18,40
16,40
16,38
16,40
16,42
16,42
16,42
16,42
18,42
18,42
18,42
16,42
18,42
16,42
16,42
16,42
16,42
16,40
16,42
16,42
16,42
16,42
16,40
16,42
16,40
14,40
14,40
14,40
14,40
14,40
14,40
14,42
14,42
14,42
14,42
14,42
14,42
14,42
14,42
14,42
14,42
14,40
14,40
14,40
14,42
14,40
14,40
16,40
14,40
14,42
14,42
14,42
14,42
14,42
14,42
14,40
14,42
14,42
14,42
14,42
14,42
14,42
14,42
14,40
14,40
14,42
14,42
14,40
16,40
16,42
18,42
18,42
18,42
18,42
16,42
16,40
18,40
18,40
16,40
18,40
18,40
16,40
16,42
16,40
16,42
18,42
18,42
18,42
18,42
18,42
18,42
18,42
18,42
18,42
18,42
16,42
16,42
16,42
16,42
18,42
16,42
16,42
16,40
14,40
16,40
18,40
18,40
18,40
18,40
18,40
18,38
18,38
18,38
18,36
18,38
18,38
18,38
18,36
18,36
18,36
18,36
18,36
18,38
18,38
18,40
18,40
18,40
16,40
16,38
16,38
16,38
16,40
16,42
16,42
18,42
16,42
16,40
16,42
16,40
16,38
16,36
16,36
16,34
16,32
16,32
16,30
14,30
16,30
16,30
14,30
14,30
14,30
14,30
14,30
14,32
14,32
14,32
14,32
14,32
14,30
14,30
14,32
14,32
14,32
14,32
14,32
14,30
14,30
14,30
16,30
16,32
16,32
16,34
16,36
14,36
12,36
12,38
10,38
10,40
10,38
10,40
10,40
10,42
10,42
10,40
10,42
10,42
10,42
10,42
10,40
10,42
10,42
10,42
10,42
10,42
10,42
10,40
10,40
10,38
10,38
12,38
12,36
12,36
12,36
12,38
12,40
12,42
12,42
12,42
12,42
12,42
12,44
12,44
12,44
12,42
12,40
12,42
12,40
12,40
12,40
12,38
10,38
12,38
12,38
12,40
12,40
12,42
12,44
14,44
14,44
14,44
14,44
12,44
12,42
12,40
12,40
12,38
12,38
12,40
12,40
12,42
12,40
12,40
12,38
12,38
10,38
8,38
8,40
8,40
8,42
8,42
8,42
8,42
8,42
8,42
8,42
8,42
8,42
8,42
8,42
8,42
8,42
8,40
6,40
8,40
8,40
8,38
10,38
10,40
10,40
10,40
10,38
8,38
8,38
8,38
10,38
8,38
8,38
8,40
8,38
8,38
10,38
12,38
12,36
12,36
12,38
12,38
10,38
10,38
10,40
10,40
10,42
10,42
10,42
10,42
10,40
10,38
10,40
10,40
10,40
10,40
10,40
10,40
10,38
10,38
10,40
10,40
10,40
10,40
10,42
10,42
10,42
10,42
10,42
10,42
10,42
10,42
10,42
10,42
10,42
10,42
10,40
10,40
10,40
10,40
10,40
10,38
12,38
10,38
10,40
10,38
10,40
10,40
10,42
10,42
10,42
10,42
10,40
10,40
10,38
12,38
12,38
12,38
12,36
12,36
12,38
12,38
12,38
12,40
12,40
12,42
12,42
12,40
12,40
12,40
12,38
12,38
12,40
12,38
10,38
8,38
8,38
8,38
8,40
6,40
6,40
4,40
4,40
4,40
4,40
6,40
8,40
8,38
8,40
8,42
8,40
8,42
8,42
8,42
8,42
8,42
8,42
8,42
8,42
8,42
8,42
8,42
8,42
8,42
8,40
8,38
8,38
8,38
8,38
8,40
8,40
8,42
8,40
6,40
6,40
6,40
6,40
4,40
4,40
4,40
6,40
4,40
6,40
8,40
8,42
8,42
8,42
8,40
8,38
8,38
10,38
10,40
10,40
10,40
10,40
10,40
10,40
10,38
10,38
10,40
10,42
10,42
10,42
10,42
10,42
10,42
10,42
10,42
10,42
10,42
10,42
10,40
10,40
10,40
10,42
10,42
10,42
10,40
10,42
10,40
10,42
10,42
10,42
10,42
10,42
10,42
10,42
10,40
10,42
10,42
10,42
10,42
10,42
10,42
10,42
10,40
10,42
10,42
10,42
10,42
10,42
10,42
10,42
10,42
10,40
10,38
12,38
10,38
8,38
8,38
8,38
8,40
8,38
8,38
10,38
12,38
12,38
12,40
12,42
12,44
12,44
12,44
12,44
12,44
12,44
14,44
12,44
12,44
12,42
12,44
12,42
12,40
12,42
12,44
12,44
12,42
12,42
12,44
14,44
14,44
14,44
12,44
14,44
14,44
12,44
12,44
12,44
12,42
12,44
12,44
12,44
12,44
12,44
12,42
12,40
12,38
10,38
10,40
10,40
10,42
10,42
10,42
10,42
10,42
10,40
10,40
10,40
10,40
10,40
10,42
10,42
10,42
10,42
10,42
10,40
10,40
10,40
10,40
10,40
10,40
10,42
10,40
10,40
10,40
10,38
8,38
10,38
12,38
12,38
12,40
12,40
12,42
12,42
12,42
12,42
12,42
12,42
12,44
12,44
14,44
14,44
14,44
14,44
14,44
14,44
12,44
12,42
12,42
12,44
14,44
14,44
14,44
14,44
12,44
14,44
14,44
14,44
14,44
14,44
14,44
12,44
12,42
12,40
12,40
12,42
12,42
12,44
12,44
12,44
12,44
12,44
12,42
12,42
12,44
14,44
14,44
14,44
14,44
14,44
14,44
14,44
12,44
12,44
12,44
14,44
14,44
12,44
12,44
14,44
14,44
14,44
14,44
14,44
12,44
14,44
12,44
12,42
12,44
12,44
12,44
12,44
12,44
12,44
12,44
12,44
12,44
14,44
14,44
14,44
12,44
12,44
14,44
12,44
12,42
12,42
12,40
12,40
12,42
12,40
12,42
12,44
12,42
12,44
12,44
12,44
14,44
14,44
14,44
14,44
14,44
14,44
14,44
14,44
14,44
14,44
14,44
12,44
12,44
12,44
12,42
12,40
12,40
12,40
12,40
12,40
12,42
12,44
12,44
14,44
14,44
14,44
14,44
12,44
12,44
14,44
12,44
14,44
12,44
14,44
14,44
14,44
14,44
12,44
12,44
12,44
12,44
14,44
14,44
14,44
14,44
14,44
14,44
14,44
14,44
14,44
14,44
14,44
14,44
14,44
14,44
14,44
14,44
14,44
14,44
14,44
14,44
14,44
14,44
12,44
12,44
14,44
14,44
14,44
12,44
14,44
14,44
14,44
14,44
14,44
14,44
14,44
14,44
14,44
12,44
12,44
12,42
12,42
12,42
12,44
12,44
12,44
12,42
12,42
12,42
12,44
12,44
12,44
12,44
12,42
12,44
12,42
12,42
12,44
12,44
12,42
12,40
12,40
12,40
12,42
12,42
12,42
12,42
12,40
12,40
12,40
12,42
12,40
12,40
12,42
12,42
12,42
12,42
12,44
12,42
12,42
12,44
14,44
12,44
14,44
14,44
14,44
14,44
12,44
12,44
12,44
12,42
12,40
12,40
12,40
12,42
12,40
12,40
12,38
10,38
10,40
10,38
12,38
12,36
12,36
12,36
12,36
12,36
12,36
12,36
12,38
10,38
10,38
12,38
12,36
12,38
12,40
12,42
12,44
12,42
12,42
12,42
12,44
14,44
14,44
14,44
14,44
12,44
14,44
12,44
12,44
12,44
14,44
14,44
12,44
12,44
14,44
12,44
14,44
14,44
14,44
14,44
14,44
12,44
12,44
12,44
12,44
14,44
14,44
14,44
14,44
12,44
14,44
12,44
12,42
12,44
12,42
12,44
14,44
12,44
12,44
12,42
12,44
12,42
12,42
12,42
12,42
12,42
12,42
12,40
12,42
12,42
12,40
12,42
12,44
14,44
14,44
14,44
14,44
14,44
14,44
14,44
14,44
14,44
14,44
14,44
14,44
14,44
12,44
12,42
12,40
12,42
12,42
12,42
12,40
12,42
12,44
12,44
12,44
12,44
12,44
12,42
12,42
12,40
12,40
12,38
12,38
12,38
10,38
12,38
10,38
10,40
10,40
10,40
10,40
10,40
10,40
10,38
8,38
8,40
8,42
8,42
8,40
6,40
4,40
6,40
4,40
6,40
6,40
6,40
8,40
6,40
6,40
8,40
8,42
8,42
8,42
8,42
8,42
8,42
8,42
8,42
8,42
8,42
8,42
8,42
8,42
8,42
8,40
6,40
6,40
6,40
6,40
4,40
6,40
4,40
6,40
8,40
8,42
8,42
8,42
8,42
8,42
8,40
8,42
8,42
8,42
8,40
8,40
8,42
8,40
6,40
6,40
6,38
4,38
2,38
2,38
4,38
6,38
6,38
6,38
6,38
6,38
4,38
6,38
6,40
8,40
8,40
8,42
8,42
8,42
8,42
8,40
8,38
8,40
8,40
6,40
6,38
6,40
6,40
4,40
6,40
4,40
6,40
6,40
4,40
4,40
6,40
8,40
6,40
6,38
6,38
4,38
6,38
6,38
6,40
6,40
6,38
4,38
2,38
2,38
4,38
4,38
6,38
6,38
6,38
6,38
4,38
4,38
4,38
2,38
2,38
2,38
4,38
2,38
2,38
4,38
4,38
2,38
4,38
4,38
6,38
4,38
4,38
2,38
2,38
4,38
6,38
4,38
4,38
6,38
6,40
6,38
6,38
6,40
6,40
4,40
4,40
4,40
4,40
6,40
6,40
6,38
6,38
6,40
6,40
6,38
6,40
6,40
6,38
6,38
6,40
8,40
6,40
4,40
4,40
4,40
4,40
6,40
6,40
4,40
4,40
4,40
4,40
4,40
6,40
4,40
6,40
6,38
6,38
6,38
6,38
6,38
6,38
6,38
6,38
6,38
6,38
4,38
6,38
6,40
6,38
6,38
6,38
4,38
4,38
6,38
6,38
4,38
2,38
2,38
2,38
2,38
2,38
2,38
4,38
4,38
4,38
4,38
4,38
2,38
2,38
2,38
4,38
6,38
6,38
6,40
4,40
6,40
6,40
6,38
4,38
4,38
4,38
6,38
6,40
8,40
6,40
8,40
8,42
8,42
8,42
8,42
8,42
8,42
8,42
8,42
8,42
8,42
8,40
8,40
8,40
8,42
8,42
8,40
8,42
8,42
8,42
8,42
8,42
8,40
8,38
10,38
12,38
12,40
12,42
12,42
12,40
12,42
12,42
12,40
12,38
12,40
12,42
12,40
12,42
12,42
12,42
12,42
12,44
14,44
14,44
14,44
12,44
14,44
14,44
14,44
14,44
14,44
14,44
14,44
14,44
14,44
14,44
12,44
12,44
12,44
12,44
12,44
14,44
14,44
12,44
12,44
12,44
12,44
12,42
12,42
12,40
12,42
12,44
12,42
12,42
12,40
12,40
12,38
10,38
10,40
10,40
10,40
10,40
10,38
8,38
8,38
10,38
8,38
8,38
8,38
10,38
10,40
10,42
10,42
10,42
10,42
10,42
10,42
10,42
10,42
10,42
10,42
10,42
10,42
10,42
10,40
10,42
10,42
10,42
10,42
10,42
10,42
10,42
10,40
10,42
10,40
10,40
10,40
10,38
8,38
8,38
10,38
8,38
8,38
8,38
8,40
8,38
8,40
6,40
4,40
6,40
8,40
8,38
8,38
10,38
10,38
8,38
8,40
8,42
8,42
8,42
8,42
8,42
8,42
8,42
8,42
8,42
8,42
8,42
8,42
8,42
8,42
8,40
8,42
8,40
8,42
8,40
8,38
8,40
8,42
8,42
8,42
8,42
8,42
8,42
8,42
8,42
8,40
8,40
8,38
8,38
8,40
6,40
4,40
4,40
4,40
6,40
6,40
6,40
4,40
6,40
6,40
4,40
6,40
4,40
4,40
4,40
6,40
6,40
8,40
8,40
8,40
8,42
8,42
8,42
8,42
8,42
8,42
8,42
8,40
6,40
4,40
6,40
6,40
6,38
4,38
4,38
4,38
6,38
6,40
6,38
4,38
4,38
6,38
6,40
6,38
6,38
4,38
2,38
2,40
2,40
2,40
2,38
2,38
4,38
4,38
2,38
2,38
2,40
2,40
2,42
2,44
2,42
2,44
2,44
2,44
2,44
2,44
2,44
2,44
2,42
2,42
2,42
2,42
2,44
2,44
2,44
4,44
2,44
4,44
4,46
4,46
4,46
4,44
4,46
4,44
4,46
2,46
2,48
2,48
2,50
2,48
2,50
2,50
2,48
2,48
2,48
2,50
4,50
4,52
4,52
4,52
4,52
4,50
4,52
4,52
4,50
2,50
2,48
2,46
2,48
2,46
2,46
4,46
4,46
2,46
2,48
2,48
2,50
2,50
4,50
6,50
4,50
4,50
6,50
8,50
6,50
6,50
6,50
8,50
8,50
8,50
6,50
6,50
8,50
8,52
8,52
8,54
8,54
8,56
10,56
10,58
10,56
12,56
12,56
12,56
12,56
12,54
12,54
12,56
10,56
8,56
8,56
8,56
10,56
10,58
12,58
10,58
10,58
8,58
8,58
8,58
8,58
10,58
8,58
8,58
8,58
8,58
8,58
8,58
8,58
10,58
12,58
12,58
10,58
12,58
12,58
12,58
14,58
12,58
12,58
12,58
12,58
12,58
12,58
12,58
10,58
12,58
10,58
10,56
10,58
10,58
10,58
10,58
10,58
10,56
10,56
10,58
10,58
8,58
8,58
8,58
10,58
8,58
8,58
8,58
8,58
8,58
10,58
10,58
10,58
12,58
12,58
12,58
14,58
14,60
16,60
16,62
16,62
16,60
14,60
14,62
14,62
14,60
14,62
14,62
14,62
14,62
14,62
14,62
12,62
12,62
14,62
14,62
14,62
12,62
14,62
14,60
14,60
14,58
12,58
10,58
12,58
12,58
12,58
14,58
14,60
16,60
16,58
18,58
18,60
18,60
18,60
18,62
18,62
18,60
18,60
18,60
18,62
18,64
18,64
18,66
16,66
16,68
16,68
16,70
16,72
16,72
16,70
16,70
16,70
16,70
16,70
16,68
16,70
18,70
16,70
18,70
18,70
18,70
18,70
18,70
18,70
16,70
16,70
16,70
18,70
16,70
16,72
16,70
18,70
16,70
18,70
18,68
18,68
18,70
18,70
18,68
18,68
18,68
18,70
18,70
18,70
18,70
18,70
18,70
18,68
18,68
18,68
18,70
18,70
16,70
18,70
18,70
16,70
16,72
16,72
18,72
18,72
18,72
18,74
18,74
18,74
18,72
18,74
18,72
18,72
16,72
16,70
16,68
16,66
16,64
16,64
16,64
16,64
16,64
16,66
16,66
16,64
16,64
16,64
16,64
16,64
16,64
16,64
16,66
18,66
18,66
18,66
18,64
18,62
18,64
18,64
18,64
18,62
18,64
18,66
18,66
16,66
18,66
18,64
18,62
18,64
18,66
18,64
18,66
18,66
16,66
16,68
16,70
16,68
16,68
16,68
16,68
16,68
16,68
16,66
18,66
18,66
18,66
18,66
18,66
16,66
16,68
16,68
16,66
16,64
16,66
18,66
18,66
18,66
16,66
16,64
16,64
16,64
16,64
16,64
16,64
16,64
16,64
16,64
16,64
16,64
16,64
16,64
16,64
16,66
16,68
16,70
16,68
16,68
16,68
16,70
16,70
16,70
18,70
18,70
18,70
16,70
16,68
16,70
16,68
16,68
16,66
18,66
18,66
18,66
18,64
18,64
18,62
18,64
18,62
18,62
18,60
18,62
18,64
18,64
18,64
18,64
18,64
18,64
18,64
18,62
18,64
18,66
16,66
16,64
16,64
16,64
16,64
16,64
16,64
16,64
16,64
16,66
16,68
16,70
16,70
18,70
18,70
16,70
18,70
18,68
18,70
18,70
18,70
18,68
18,70
18,68
18,68
18,70
18,70
16,70
18,70
16,70
16,70
18,70
16,70
16,68
16,70
16,72
16,72
16,72
18,72
16,72
16,72
14,72
14,72
12,72
12,74
12,74
12,74
12,74
12,72
12,74
12,74
12,74
12,74
12,74
12,74
12,72
12,72
12,74
12,74
12,72
12,72
14,72
14,72
14,72
16,72
16,72
14,72
16,72
18,72
18,72
18,72
16,72
18,72
18,74
18,74
18,76
18,76
18,76
18,78
18,80
18,80
18,78
18,80
16,80
16,80
16,82
18,82
18,82
18,82
18,82
18,82
16,82
18,82
18,82
18,84
18,82
16,82
16,80
18,80
18,78
18,78
18,80
16,80
18,80
18,80
18,80
18,78
18,80
18,80
18,78
18,78
18,78
18,76
18,76
18,78
18,76
18,76
18,76
18,76
18,78
18,78
18,80
18,78
18,78
18,78
18,78
18,76
18,74
18,74
18,72
18,74
18,72
18,74
18,74
18,72
18,74
18,74
18,72
16,72
18,72
18,72
18,74
18,74
18,76
18,78
18,76
18,74
18,76
18,76
18,78
18,80
16,80
18,80
16,80
16,78
16,80
16,78
16,80
16,78
16,78
16,80
16,78
16,76
16,78
16,80
16,82
14,82
14,82
14,84
14,82
14,82
14,80
14,78
14,78
14,78
12,78
12,76
12,78
12,80
12,78
14,78
14,78
12,78
14,78
12,78
12,76
12,76
12,76
10,76
10,76
10,76
12,76
12,78
12,80
12,82
12,82
12,82
12,84
12,84
12,82
12,82
12,84
12,84
12,82
12,82
12,80
12,80
12,78
10,78
10,78
10,78
12,78
12,76
12,78
12,80
12,82
12,84
12,86
12,84
12,82
12,84
12,86
12,88
12,88
12,88
12,88
12,90
12,92
12,90
12,90
12,90
12,92
10,92
8,92
8,92
8,92
8,94
8,96
8,94
8,96
8,96
8,96
8,96
8,96
8,96
8,96
8,96
8,96
8,94
6,94
4,94
6,94
4,94
6,94
6,96
6,96
6,96
6,96
6,96
6,96
4,96
4,96
4,96
6,96
6,94
4,94
4,94
4,92
4,92
4,94
4,92
4,94
6,94
6,94
6,96
6,96
6,96
4,96
4,96
4,98
4,98
4,98
4,98
6,98
6,98
6,98
4,98
4,98
4,98
4,98
6,98
8,98
8,98
10,98
12,98
14,98
16,98
18,98
16,98
18,98
18,96
18,98
18,98
18,98
18,98
18,98
18,96
18,96
18,98
16,98
18,98
16,98
16,96
16,98
14,98
16,98
14,98
12,98
12,96
12,96
12,96
10,96
12,96
12,98
12,96
12,94
14,94
14,94
14,94
14,94
14,94
14,94
14,94
12,94
14,94
14,94
14,94
14,94
14,94
14,94
14,94
12,94
12,94
12,94
12,94
12,94
12,94
14,94
12,94
12,94
12,94
14,94
12,94
14,94
14,94
12,94
12,94
12,96
12,94
12,94
12,96
12,96
12,94
12,96
12,96
12,96
12,94
12,94
12,94
12,94
12,94
12,96
12,98
10,98
12,98
10,98
10,98
10,99
